Site,month,Tons
10 Buick - OCC,8,6
10 Buick - OCC,9,7
126 BSR - OCC,8,6
126 BSR - OCC,9,7
140 BSR - OCC,8,6
140 BSR - OCC,9,7
154 BSR - OCC,8,6
154 BSR - OCC,9,7
161-163 BSR - OCC,8,6
161-163 BSR - OCC,9,7
18 Buswell - OCC,8,6
18 Buswell - OCC,9,7
184 BSR - OCC,8,6
184 BSR - OCC,9,7
199-201 BSR - OCC,8,6
199-201 BSR - OCC,9,7
200 Riverway,1,6
200 Riverway,2,6
200 Riverway,3,6
200 Riverway,4,5
200 Riverway,5,4
200 Riverway,6,3
200 Riverway,7,1
200 Riverway,8,2
200 Riverway,9,3
200 Riverway,10,1
200 Riverway,11,1
200 Riverway,12,3
273 Babcock - OCC,8,6
273 Babcock - OCC,9,7
275 Babcock - OCC,8,6
275 Babcock - OCC,9,7
33 HAW - OCC,8,6
33 HAW - OCC,9,7
35 Buswell - OCC,8,6
35 Buswell - OCC,9,7
455-457 Park - OCC,8,6
455-457 Park - OCC,9,7
46 Mountfort - OCC,8,6
46 Mountfort - OCC,9,7
50-52 Buswell - OCC,8,6
50-52 Buswell - OCC,9,7
509 Park - OCC,8,6
509 Park - OCC,9,7
512 Beacon - OCC,8,6
512 Beacon - OCC,9,7
575 Comm - OCC,8,6
575 Comm - OCC,9,7
610 Beacon - OCC,8,6
610 Beacon - OCC,9,7
91 BSR - OCC,8,6
91 BSR - OCC,9,7
BU #1 - BU Academy,1,6
BU #1 - BU Academy,2,7
BU #1 - BU Academy,3,9
BU #1 - BU Academy,4,9
BU #1 - BU Academy,5,8
BU #1 - BU Academy,6,6
BU #1 - BU Academy,7,3
BU #1 - BU Academy,8,3
BU #1 - BU Academy,9,8
BU #1 - BU Academy,10,7
BU #1 - BU Academy,11,9
BU #1 - BU Academy,12,8
BU #10 - 111 Cummington,1,6
BU #10 - 111 Cummington,2,7
BU #10 - 111 Cummington,3,9
BU #10 - 111 Cummington,4,9
BU #10 - 111 Cummington,5,8
BU #10 - 111 Cummington,6,5
BU #10 - 111 Cummington,7,3
BU #10 - 111 Cummington,8,6
BU #10 - 111 Cummington,9,8
BU #10 - 111 Cummington,10,7
BU #10 - 111 Cummington,11,9
BU #10 - 111 Cummington,12,8
BU #100 - 867 Beacon,1,8
BU #100 - 867 Beacon,2,8
BU #100 - 867 Beacon,3,9
BU #100 - 867 Beacon,4,8
BU #100 - 867 Beacon,5,9
BU #100 - 867 Beacon,6,11
BU #100 - 867 Beacon,7,2
BU #100 - 867 Beacon,8,8
BU #100 - 867 Beacon,9,8
BU #100 - 867 Beacon,10,8
BU #100 - 867 Beacon,11,8
BU #100 - 867 Beacon,12,9
BU #102 - Student Health Services,1,8
BU #102 - Student Health Services,2,16
BU #102 - Student Health Services,3,23
BU #102 - Student Health Services,4,9
BU #102 - Student Health Services,5,12
BU #102 - Student Health Services,6,7
BU #102 - Student Health Services,9,9
BU #102 - Student Health Services,10,7
BU #102 - Student Health Services,11,10
BU #102 - Student Health Services,12,9
BU #103 - Center For English Language,1,27
BU #103 - Center For English Language,2,31
BU #103 - Center For English Language,3,34
BU #103 - Center For English Language,4,34
BU #103 - Center For English Language,5,32
BU #103 - Center For English Language,6,29
BU #103 - Center For English Language,7,4
BU #103 - Center For English Language,8,8
BU #103 - Center For English Language,9,23
BU #103 - Center For English Language,10,34
BU #103 - Center For English Language,11,29
BU #103 - Center For English Language,12,28
BU #104 - 900 Comm Ave,1,6
BU #104 - 900 Comm Ave,2,8
BU #104 - 900 Comm Ave,3,9
BU #104 - 900 Comm Ave,4,8
BU #104 - 900 Comm Ave,5,10
BU #104 - 900 Comm Ave,6,6
BU #104 - 900 Comm Ave,8,5
BU #104 - 900 Comm Ave,9,8
BU #104 - 900 Comm Ave,10,8
BU #104 - 900 Comm Ave,11,8
BU #104 - 900 Comm Ave,12,8
BU #105 - Kilachand Hall,1,6
BU #105 - Kilachand Hall,2,8
BU #105 - Kilachand Hall,3,11
BU #105 - Kilachand Hall,4,10
BU #105 - Kilachand Hall,5,11
BU #105 - Kilachand Hall,6,12
BU #105 - Kilachand Hall,7,4
BU #105 - Kilachand Hall,8,7
BU #105 - Kilachand Hall,9,7
BU #105 - Kilachand Hall,10,8
BU #105 - Kilachand Hall,11,10
BU #105 - Kilachand Hall,12,9
BU #106 - 910 Comm Ave,1,6
BU #106 - 910 Comm Ave,2,8
BU #106 - 910 Comm Ave,3,9
BU #106 - 910 Comm Ave,4,8
BU #106 - 910 Comm Ave,5,10
BU #106 - 910 Comm Ave,6,6
BU #106 - 910 Comm Ave,7,1
BU #106 - 910 Comm Ave,8,4
BU #106 - 910 Comm Ave,9,8
BU #106 - 910 Comm Ave,10,8
BU #106 - 910 Comm Ave,11,8
BU #106 - 910 Comm Ave,12,8
BU #107 -Fitness & Recreation,1,6
BU #107 -Fitness & Recreation,2,9
BU #107 -Fitness & Recreation,3,9
BU #107 -Fitness & Recreation,4,8
BU #107 -Fitness & Recreation,5,11
BU #107 -Fitness & Recreation,6,6
BU #107 -Fitness & Recreation,7,1
BU #107 -Fitness & Recreation,8,5
BU #107 -Fitness & Recreation,9,8
BU #107 -Fitness & Recreation,10,8
BU #107 -Fitness & Recreation,11,8
BU #107 -Fitness & Recreation,12,8
BU #108 - Agganis Arena,1,10
BU #108 - Agganis Arena,2,12
BU #108 - Agganis Arena,3,16
BU #108 - Agganis Arena,4,14
BU #108 - Agganis Arena,5,14
BU #108 - Agganis Arena,6,12
BU #108 - Agganis Arena,7,2
BU #108 - Agganis Arena,8,6
BU #108 - Agganis Arena,9,13
BU #108 - Agganis Arena,10,14
BU #108 - Agganis Arena,11,13
BU #108 - Agganis Arena,12,14
BU #109 - School of Hospitality,1,17
BU #109 - School of Hospitality,2,20
BU #109 - School of Hospitality,3,20
BU #109 - School of Hospitality,4,21
BU #109 - School of Hospitality,5,23
BU #109 - School of Hospitality,6,17
BU #109 - School of Hospitality,8,4
BU #109 - School of Hospitality,9,16
BU #109 - School of Hospitality,10,22
BU #109 - School of Hospitality,11,20
BU #109 - School of Hospitality,12,17
BU #11    - 100 Ashford,1,19
BU #11    - 100 Ashford,2,16
BU #11    - 100 Ashford,3,19
BU #11    - 100 Ashford,4,17
BU #11    - 100 Ashford,5,17
BU #11    - 100 Ashford,6,11
BU #11    - 100 Ashford,7,3
BU #11    - 100 Ashford,8,8
BU #11    - 100 Ashford,9,13
BU #11    - 100 Ashford,10,15
BU #11    - 100 Ashford,11,16
BU #11    - 100 Ashford,12,16
BU #110 - Charles River Medical,1,6
BU #110 - Charles River Medical,2,8
BU #110 - Charles River Medical,3,9
BU #110 - Charles River Medical,4,8
BU #110 - Charles River Medical,5,9
BU #110 - Charles River Medical,6,4
BU #110 - Charles River Medical,8,1
BU #110 - Charles River Medical,9,8
BU #110 - Charles River Medical,10,8
BU #110 - Charles River Medical,11,8
BU #110 - Charles River Medical,12,8
BU #111 - Charles River Medical,1,6
BU #111 - Charles River Medical,2,8
BU #111 - Charles River Medical,3,9
BU #111 - Charles River Medical,4,8
BU #111 - Charles River Medical,5,10
BU #111 - Charles River Medical,6,5
BU #111 - Charles River Medical,9,8
BU #111 - Charles River Medical,10,8
BU #111 - Charles River Medical,11,8
BU #111 - Charles River Medical,12,8
BU #112 - 949 Comm Ave,1,36
BU #112 - 949 Comm Ave,2,40
BU #112 - 949 Comm Ave,3,48
BU #112 - 949 Comm Ave,4,48
BU #112 - 949 Comm Ave,5,44
BU #112 - 949 Comm Ave,6,41
BU #112 - 949 Comm Ave,8,1
BU #112 - 949 Comm Ave,9,33
BU #112 - 949 Comm Ave,10,47
BU #112 - 949 Comm Ave,11,42
BU #112 - 949 Comm Ave,12,36
BU #112B - 949 Comm Ave,1,6
BU #112B - 949 Comm Ave,2,8
BU #112B - 949 Comm Ave,3,10
BU #112B - 949 Comm Ave,4,8
BU #112B - 949 Comm Ave,5,8
BU #112B - 949 Comm Ave,6,9
BU #112B - 949 Comm Ave,7,3
BU #112B - 949 Comm Ave,8,8
BU #112B - 949 Comm Ave,9,12
BU #112B - 949 Comm Ave,10,12
BU #112B - 949 Comm Ave,11,12
BU #112B - 949 Comm Ave,12,8
BU #114 - College of Engineering,1,6
BU #114 - College of Engineering,2,7
BU #114 - College of Engineering,3,9
BU #114 - College of Engineering,4,9
BU #114 - College of Engineering,5,8
BU #114 - College of Engineering,6,5
BU #114 - College of Engineering,7,1
BU #114 - College of Engineering,9,4
BU #114 - College of Engineering,10,8
BU #114 - College of Engineering,11,9
BU #114 - College of Engineering,12,8
BU #115 - 985 Comm Ave,1,25
BU #115 - 985 Comm Ave,2,27
BU #115 - 985 Comm Ave,3,30
BU #115 - 985 Comm Ave,4,30
BU #115 - 985 Comm Ave,5,28
BU #115 - 985 Comm Ave,6,28
BU #115 - 985 Comm Ave,8,7
BU #115 - 985 Comm Ave,9,22
BU #115 - 985 Comm Ave,10,28
BU #115 - 985 Comm Ave,11,29
BU #115 - 985 Comm Ave,12,22
BU #116 - 1 Silber Way,8,5
BU #116 - 1 Silber Way,9,5
BU #12 - 113 Bay State,1,13
BU #12 - 113 Bay State,2,12
BU #12 - 113 Bay State,3,12
BU #12 - 113 Bay State,4,13
BU #12 - 113 Bay State,5,12
BU #12 - 113 Bay State,6,11
BU #12 - 113 Bay State,9,7
BU #12 - 113 Bay State,10,14
BU #12 - 113 Bay State,11,13
BU #12 - 113 Bay State,12,10
BU #120 - 745 Comm Ave,6,1
BU #123 - Admission Center,1,6
BU #123 - Admission Center,2,7
BU #123 - Admission Center,3,9
BU #123 - Admission Center,4,9
BU #123 - Admission Center,5,8
BU #123 - Admission Center,6,7
BU #123 - Admission Center,8,3
BU #123 - Admission Center,9,8
BU #123 - Admission Center,10,7
BU #123 - Admission Center,11,9
BU #123 - Admission Center,12,8
BU #13 - 120 Ashford,1,21
BU #13 - 120 Ashford,2,21
BU #13 - 120 Ashford,3,28
BU #13 - 120 Ashford,4,27
BU #13 - 120 Ashford,5,32
BU #13 - 120 Ashford,6,16
BU #13 - 120 Ashford,7,7
BU #13 - 120 Ashford,8,12
BU #13 - 120 Ashford,9,23
BU #13 - 120 Ashford,10,25
BU #13 - 120 Ashford,11,21
BU #13 - 120 Ashford,12,20
BU #14 - Pardee School,1,7
BU #14 - Pardee School,2,7
BU #14 - Pardee School,3,9
BU #14 - Pardee School,4,9
BU #14 - Pardee School,5,8
BU #14 - Pardee School,6,7
BU #14 - Pardee School,7,4
BU #14 - Pardee School,8,7
BU #14 - Pardee School,9,8
BU #14 - Pardee School,10,7
BU #14 - Pardee School,11,9
BU #14 - Pardee School,12,8
BU #15 - 140 Bay State,1,6
BU #15 - 140 Bay State,2,9
BU #15 - 140 Bay State,3,10
BU #15 - 140 Bay State,4,10
BU #15 - 140 Bay State,5,10
BU #15 - 140 Bay State,6,7
BU #15 - 140 Bay State,7,4
BU #15 - 140 Bay State,8,7
BU #15 - 140 Bay State,9,11
BU #15 - 140 Bay State,10,7
BU #15 - 140 Bay State,11,11
BU #15 - 140 Bay State,12,8
BU #16 - 128 Bay State,1,6
BU #16 - 128 Bay State,2,7
BU #16 - 128 Bay State,3,9
BU #16 - 128 Bay State,4,9
BU #16 - 128 Bay State,5,8
BU #16 - 128 Bay State,6,7
BU #16 - 128 Bay State,7,3
BU #16 - 128 Bay State,8,7
BU #16 - 128 Bay State,9,8
BU #16 - 128 Bay State,10,7
BU #16 - 128 Bay State,11,9
BU #16 - 128 Bay State,12,8
BU #17 - 138 Mountfort,1,19
BU #17 - 138 Mountfort,2,17
BU #17 - 138 Mountfort,3,16
BU #17 - 138 Mountfort,4,17
BU #17 - 138 Mountfort,5,17
BU #17 - 138 Mountfort,6,17
BU #17 - 138 Mountfort,9,15
BU #17 - 138 Mountfort,10,22
BU #17 - 138 Mountfort,11,21
BU #17 - 138 Mountfort,12,16
BU #18 - Warren Hall,1,18
BU #18 - Warren Hall,2,20
BU #18 - Warren Hall,3,24
BU #18 - Warren Hall,4,24
BU #18 - Warren Hall,5,24
BU #18 - Warren Hall,6,19
BU #18 - Warren Hall,8,1
BU #18 - Warren Hall,9,21
BU #18 - Warren Hall,10,21
BU #18 - Warren Hall,11,23
BU #18 - Warren Hall,12,21
BU #19 - Core Curriculum,1,16
BU #19 - Core Curriculum,2,24
BU #19 - Core Curriculum,3,28
BU #19 - Core Curriculum,4,29
BU #19 - Core Curriculum,5,30
BU #19 - Core Curriculum,6,25
BU #19 - Core Curriculum,7,3
BU #19 - Core Curriculum,8,8
BU #19 - Core Curriculum,9,22
BU #19 - Core Curriculum,10,29
BU #19 - Core Curriculum,11,29
BU #19 - Core Curriculum,12,20
BU #2 - Student Village,1,30
BU #2 - Student Village,2,32
BU #2 - Student Village,3,47
BU #2 - Student Village,4,36
BU #2 - Student Village,5,26
BU #2 - Student Village,6,21
BU #2 - Student Village,7,16
BU #2 - Student Village,8,26
BU #2 - Student Village,9,31
BU #2 - Student Village,10,35
BU #2 - Student Village,11,36
BU #2 - Student Village,12,33
BU #20 - Digital Learning,1,6
BU #20 - Digital Learning,2,7
BU #20 - Digital Learning,3,9
BU #20 - Digital Learning,4,9
BU #20 - Digital Learning,5,8
BU #20 - Digital Learning,6,6
BU #20 - Digital Learning,9,8
BU #20 - Digital Learning,10,7
BU #20 - Digital Learning,11,9
BU #20 - Digital Learning,12,8
BU #21 - Weld House,1,20
BU #21 - Weld House,2,23
BU #21 - Weld House,3,26
BU #21 - Weld House,4,26
BU #21 - Weld House,5,22
BU #21 - Weld House,6,25
BU #21 - Weld House,7,4
BU #21 - Weld House,8,7
BU #21 - Weld House,9,22
BU #21 - Weld House,10,28
BU #21 - Weld House,11,21
BU #21 - Weld House,12,19
BU #23 - 154 Bay State,1,6
BU #23 - 154 Bay State,2,7
BU #23 - 154 Bay State,3,9
BU #23 - 154 Bay State,4,9
BU #23 - 154 Bay State,5,8
BU #23 - 154 Bay State,6,5
BU #23 - 154 Bay State,7,3
BU #23 - 154 Bay State,8,7
BU #23 - 154 Bay State,9,8
BU #23 - 154 Bay State,10,7
BU #23 - 154 Bay State,11,9
BU #23 - 154 Bay State,12,8
BU #25 - 159 Bay State,1,21
BU #25 - 159 Bay State,2,30
BU #25 - 159 Bay State,3,34
BU #25 - 159 Bay State,4,35
BU #25 - 159 Bay State,5,30
BU #25 - 159 Bay State,6,31
BU #25 - 159 Bay State,8,1
BU #25 - 159 Bay State,9,22
BU #25 - 159 Bay State,10,34
BU #25 - 159 Bay State,11,30
BU #25 - 159 Bay State,12,21
BU #26 - 175 Bay State,1,26
BU #26 - 175 Bay State,2,30
BU #26 - 175 Bay State,3,35
BU #26 - 175 Bay State,4,35
BU #26 - 175 Bay State,5,30
BU #26 - 175 Bay State,6,31
BU #26 - 175 Bay State,8,1
BU #26 - 175 Bay State,9,21
BU #26 - 175 Bay State,10,34
BU #26 - 175 Bay State,11,30
BU #26 - 175 Bay State,12,26
BU #27 - IT Help Center,1,21
BU #27 - IT Help Center,2,22
BU #27 - IT Help Center,3,26
BU #27 - IT Help Center,4,28
BU #27 - IT Help Center,5,25
BU #27 - IT Help Center,6,20
BU #27 - IT Help Center,7,3
BU #27 - IT Help Center,8,10
BU #27 - IT Help Center,9,23
BU #27 - IT Help Center,10,33
BU #27 - IT Help Center,11,27
BU #27 - IT Help Center,12,20
BU #28 - 96 Bay State,1,7
BU #28 - 96 Bay State,2,7
BU #28 - 96 Bay State,3,9
BU #28 - 96 Bay State,4,9
BU #28 - 96 Bay State,5,8
BU #28 - 96 Bay State,6,13
BU #28 - 96 Bay State,7,4
BU #28 - 96 Bay State,8,1
BU #28 - 96 Bay State,9,8
BU #28 - 96 Bay State,10,7
BU #28 - 96 Bay State,11,9
BU #28 - 96 Bay State,12,8
BU #29 - Harriet Richards House,1,26
BU #29 - Harriet Richards House,2,30
BU #29 - Harriet Richards House,3,35
BU #29 - Harriet Richards House,4,35
BU #29 - Harriet Richards House,5,28
BU #29 - Harriet Richards House,6,30
BU #29 - Harriet Richards House,8,1
BU #29 - Harriet Richards House,9,22
BU #29 - Harriet Richards House,10,34
BU #29 - Harriet Richards House,11,30
BU #29 - Harriet Richards House,12,25
BU #3 - 10 Lenox,1,25
BU #3 - 10 Lenox,2,26
BU #3 - 10 Lenox,3,32
BU #3 - 10 Lenox,4,29
BU #3 - 10 Lenox,5,9
BU #3 - 10 Lenox,6,6
BU #3 - 10 Lenox,7,5
BU #3 - 10 Lenox,8,13
BU #3 - 10 Lenox,9,29
BU #3 - 10 Lenox,10,29
BU #3 - 10 Lenox,11,29
BU #3 - 10 Lenox,12,28
BU #30 - Blanford,1,37
BU #30 - Blanford,2,41
BU #30 - Blanford,3,48
BU #30 - Blanford,4,43
BU #30 - Blanford,5,38
BU #30 - Blanford,6,40
BU #30 - Blanford,7,5
BU #30 - Blanford,8,15
BU #30 - Blanford,9,31
BU #30 - Blanford,10,46
BU #30 - Blanford,11,42
BU #30 - Blanford,12,39
BU #31 - Center for Memory,1,6
BU #31 - Center for Memory,2,7
BU #31 - Center for Memory,3,9
BU #31 - Center for Memory,4,9
BU #31 - Center for Memory,5,8
BU #31 - Center for Memory,6,5
BU #31 - Center for Memory,8,3
BU #31 - Center for Memory,9,5
BU #31 - Center for Memory,10,7
BU #31 - Center for Memory,11,9
BU #31 - Center for Memory,12,8
BU #32 - School of Education,1,9
BU #32 - School of Education,2,11
BU #32 - School of Education,3,15
BU #32 - School of Education,4,13
BU #32 - School of Education,5,12
BU #32 - School of Education,6,9
BU #32 - School of Education,7,2
BU #32 - School of Education,8,5
BU #32 - School of Education,9,11
BU #32 - School of Education,10,12
BU #32 - School of Education,11,12
BU #32 - School of Education,12,11
BU #33 - Music House,1,27
BU #33 - Music House,2,34
BU #33 - Music House,3,39
BU #33 - Music House,4,39
BU #33 - Music House,5,36
BU #33 - Music House,6,30
BU #33 - Music House,8,1
BU #33 - Music House,9,24
BU #33 - Music House,10,39
BU #33 - Music House,11,34
BU #33 - Music House,12,25
BU #34 - Florence & Chafetz,1,2
BU #34 - Florence & Chafetz,2,20
BU #34 - Florence & Chafetz,3,28
BU #34 - Florence & Chafetz,4,25
BU #34 - Florence & Chafetz,9,12
BU #34 - Florence & Chafetz,10,13
BU #34 - Florence & Chafetz,11,11
BU #34 - Florence & Chafetz,12,7
BU #35 - Photonics Research,1,10
BU #35 - Photonics Research,2,13
BU #35 - Photonics Research,3,17
BU #35 - Photonics Research,4,14
BU #35 - Photonics Research,5,13
BU #35 - Photonics Research,6,13
BU #35 - Photonics Research,7,4
BU #35 - Photonics Research,8,8
BU #35 - Photonics Research,9,12
BU #35 - Photonics Research,10,14
BU #35 - Photonics Research,11,13
BU #35 - Photonics Research,12,12
BU #36 - Castle Alumni,1,14
BU #36 - Castle Alumni,2,17
BU #36 - Castle Alumni,3,24
BU #36 - Castle Alumni,4,22
BU #36 - Castle Alumni,5,12
BU #36 - Castle Alumni,6,8
BU #36 - Castle Alumni,7,3
BU #36 - Castle Alumni,8,7
BU #36 - Castle Alumni,9,19
BU #36 - Castle Alumni,10,21
BU #36 - Castle Alumni,11,20
BU #36 - Castle Alumni,12,18
BU #37 - African Studies,1,6
BU #37 - African Studies,2,7
BU #37 - African Studies,3,9
BU #37 - African Studies,4,9
BU #37 - African Studies,5,8
BU #37 - African Studies,6,7
BU #37 - African Studies,7,3
BU #37 - African Studies,8,7
BU #37 - African Studies,9,8
BU #37 - African Studies,10,7
BU #37 - African Studies,11,9
BU #37 - African Studies,12,8
BU #38 - Life Sciences,1,9
BU #38 - Life Sciences,2,11
BU #38 - Life Sciences,3,13
BU #38 - Life Sciences,4,13
BU #38 - Life Sciences,5,10
BU #38 - Life Sciences,6,7
BU #38 - Life Sciences,7,2
BU #38 - Life Sciences,8,7
BU #38 - Life Sciences,9,7
BU #38 - Life Sciences,10,9
BU #38 - Life Sciences,11,10
BU #38 - Life Sciences,12,10
BU #39 - 25 Buick,1,7
BU #39 - 25 Buick,2,8
BU #39 - 25 Buick,3,9
BU #39 - 25 Buick,4,8
BU #39 - 25 Buick,5,11
BU #39 - 25 Buick,6,6
BU #39 - 25 Buick,8,9
BU #39 - 25 Buick,9,8
BU #39 - 25 Buick,10,8
BU #39 - 25 Buick,11,8
BU #39 - 25 Buick,12,10
BU #4 - Yawkey Center,1,38
BU #4 - Yawkey Center,2,42
BU #4 - Yawkey Center,3,51
BU #4 - Yawkey Center,4,48
BU #4 - Yawkey Center,5,46
BU #4 - Yawkey Center,6,41
BU #4 - Yawkey Center,7,7
BU #4 - Yawkey Center,8,12
BU #4 - Yawkey Center,9,32
BU #4 - Yawkey Center,10,40
BU #4 - Yawkey Center,11,41
BU #4 - Yawkey Center,12,35
BU #40 - 27 Aberdeen,1,8
BU #40 - 27 Aberdeen,2,8
BU #40 - 27 Aberdeen,3,9
BU #40 - 27 Aberdeen,4,8
BU #40 - 27 Aberdeen,5,9
BU #40 - 27 Aberdeen,6,8
BU #40 - 27 Aberdeen,7,3
BU #40 - 27 Aberdeen,8,8
BU #40 - 27 Aberdeen,9,8
BU #40 - 27 Aberdeen,10,8
BU #40 - 27 Aberdeen,11,8
BU #40 - 27 Aberdeen,12,9
BU #41 - School of Social Work,1,3
BU #41 - School of Social Work,2,4
BU #41 - School of Social Work,3,5
BU #41 - School of Social Work,4,4
BU #41 - School of Social Work,5,4
BU #41 - School of Social Work,6,4
BU #41 - School of Social Work,7,1
BU #41 - School of Social Work,9,5
BU #41 - School of Social Work,10,4
BU #41 - School of Social Work,11,3
BU #41 - School of Social Work,12,5
BU #42 - West Campus,1,10
BU #42 - West Campus,2,11
BU #42 - West Campus,3,14
BU #42 - West Campus,4,13
BU #42 - West Campus,5,12
BU #42 - West Campus,6,9
BU #42 - West Campus,8,3
BU #42 - West Campus,9,15
BU #42 - West Campus,10,16
BU #42 - West Campus,11,16
BU #42 - West Campus,12,11
BU #43 - West Loading Dock,1,15
BU #43 - West Loading Dock,2,19
BU #43 - West Loading Dock,3,23
BU #43 - West Loading Dock,4,21
BU #43 - West Loading Dock,5,22
BU #43 - West Loading Dock,6,12
BU #43 - West Loading Dock,7,2
BU #43 - West Loading Dock,8,4
BU #43 - West Loading Dock,9,18
BU #43 - West Loading Dock,10,20
BU #43 - West Loading Dock,11,21
BU #43 - West Loading Dock,12,18
BU #44 - Walter Brown Arena,1,27
BU #44 - Walter Brown Arena,2,30
BU #44 - Walter Brown Arena,3,35
BU #44 - Walter Brown Arena,4,34
BU #44 - Walter Brown Arena,5,33
BU #44 - Walter Brown Arena,6,30
BU #44 - Walter Brown Arena,8,1
BU #44 - Walter Brown Arena,9,27
BU #44 - Walter Brown Arena,10,38
BU #44 - Walter Brown Arena,11,32
BU #44 - Walter Brown Arena,12,29
BU #45 - 3 Cummington,1,6
BU #45 - 3 Cummington,2,7
BU #45 - 3 Cummington,3,9
BU #45 - 3 Cummington,4,9
BU #45 - 3 Cummington,5,8
BU #45 - 3 Cummington,6,6
BU #45 - 3 Cummington,7,1
BU #45 - 3 Cummington,8,6
BU #45 - 3 Cummington,9,5
BU #45 - 3 Cummington,10,7
BU #45 - 3 Cummington,11,9
BU #45 - 3 Cummington,12,8
BU #46 - 30 Bay State,1,8
BU #46 - 30 Bay State,2,10
BU #46 - 30 Bay State,3,12
BU #46 - 30 Bay State,4,10
BU #46 - 30 Bay State,5,11
BU #46 - 30 Bay State,6,14
BU #46 - 30 Bay State,7,3
BU #46 - 30 Bay State,8,3
BU #46 - 30 Bay State,9,9
BU #46 - 30 Bay State,10,8
BU #46 - 30 Bay State,11,11
BU #46 - 30 Bay State,12,9
BU #47 - BUPD,1,6
BU #47 - BUPD,2,8
BU #47 - BUPD,3,9
BU #47 - BUPD,4,8
BU #47 - BUPD,5,9
BU #47 - BUPD,6,6
BU #47 - BUPD,8,6
BU #47 - BUPD,9,8
BU #47 - BUPD,10,8
BU #47 - BUPD,11,8
BU #47 - BUPD,12,8
BU #48 - Student Village 2,1,15
BU #48 - Student Village 2,2,17
BU #48 - Student Village 2,3,21
BU #48 - Student Village 2,4,20
BU #48 - Student Village 2,5,24
BU #48 - Student Village 2,6,21
BU #48 - Student Village 2,8,9
BU #48 - Student Village 2,9,19
BU #48 - Student Village 2,10,22
BU #48 - Student Village 2,11,22
BU #48 - Student Village 2,12,19
BU #49 - 34 Buswell,1,20
BU #49 - 34 Buswell,2,23
BU #49 - 34 Buswell,3,26
BU #49 - 34 Buswell,4,26
BU #49 - 34 Buswell,5,23
BU #49 - 34 Buswell,6,24
BU #49 - 34 Buswell,8,1
BU #49 - 34 Buswell,9,14
BU #49 - 34 Buswell,10,27
BU #49 - 34 Buswell,11,21
BU #49 - 34 Buswell,12,18
BU #5 - 100 Cummington,1,6
BU #5 - 100 Cummington,2,7
BU #5 - 100 Cummington,3,9
BU #5 - 100 Cummington,4,9
BU #5 - 100 Cummington,5,8
BU #5 - 100 Cummington,6,6
BU #5 - 100 Cummington,7,4
BU #5 - 100 Cummington,8,2
BU #5 - 100 Cummington,9,4
BU #5 - 100 Cummington,10,7
BU #5 - 100 Cummington,11,9
BU #5 - 100 Cummington,12,8
BU #50 - College of Engineering,1,6
BU #50 - College of Engineering,2,7
BU #50 - College of Engineering,3,9
BU #50 - College of Engineering,4,9
BU #50 - College of Engineering,5,8
BU #50 - College of Engineering,6,6
BU #50 - College of Engineering,8,5
BU #50 - College of Engineering,9,5
BU #50 - College of Engineering,10,7
BU #50 - College of Engineering,11,9
BU #50 - College of Engineering,12,8
BU #53 - Science & Engineering Library,1,6
BU #53 - Science & Engineering Library,2,7
BU #53 - Science & Engineering Library,3,9
BU #53 - Science & Engineering Library,4,9
BU #53 - Science & Engineering Library,5,8
BU #53 - Science & Engineering Library,6,5
BU #53 - Science & Engineering Library,7,1
BU #53 - Science & Engineering Library,8,4
BU #53 - Science & Engineering Library,9,5
BU #53 - Science & Engineering Library,10,7
BU #53 - Science & Engineering Library,11,9
BU #53 - Science & Engineering Library,12,8
BU #54 - Engineering Research,1,6
BU #54 - Engineering Research,2,7
BU #54 - Engineering Research,3,9
BU #54 - Engineering Research,4,9
BU #54 - Engineering Research,5,8
BU #54 - Engineering Research,6,6
BU #54 - Engineering Research,8,4
BU #54 - Engineering Research,9,5
BU #54 - Engineering Research,10,7
BU #54 - Engineering Research,11,9
BU #54 - Engineering Research,12,8
BU #6 - MET,1,6
BU #6 - MET,2,8
BU #6 - MET,3,9
BU #6 - MET,4,8
BU #6 - MET,5,9
BU #6 - MET,6,6
BU #6 - MET,7,1
BU #6 - MET,8,1
BU #6 - MET,9,7
BU #6 - MET,10,8
BU #6 - MET,11,8
BU #6 - MET,12,8
BU #60 - College of Arts & Science,1,6
BU #60 - College of Arts & Science,2,7
BU #60 - College of Arts & Science,3,9
BU #60 - College of Arts & Science,4,9
BU #60 - College of Arts & Science,5,8
BU #60 - College of Arts & Science,6,6
BU #60 - College of Arts & Science,7,1
BU #60 - College of Arts & Science,8,6
BU #60 - College of Arts & Science,9,5
BU #60 - College of Arts & Science,10,7
BU #60 - College of Arts & Science,11,9
BU #60 - College of Arts & Science,12,8
BU #63 - 515 Park,1,15
BU #63 - 515 Park,2,15
BU #63 - 515 Park,3,18
BU #63 - 515 Park,4,17
BU #63 - 515 Park,5,17
BU #63 - 515 Park,6,16
BU #63 - 515 Park,9,14
BU #63 - 515 Park,10,20
BU #63 - 515 Park,11,21
BU #63 - 515 Park,12,16
BU #64 - 518 Park,1,6
BU #64 - 518 Park,2,8
BU #64 - 518 Park,3,10
BU #64 - 518 Park,4,8
BU #64 - 518 Park,5,8
BU #64 - 518 Park,6,11
BU #64 - 518 Park,8,8
BU #64 - 518 Park,9,12
BU #64 - 518 Park,10,12
BU #64 - 518 Park,11,12
BU #64 - 518 Park,12,8
BU #65 - 519 Beacon,1,6
BU #65 - 519 Beacon,2,7
BU #65 - 519 Beacon,3,9
BU #65 - 519 Beacon,4,9
BU #65 - 519 Beacon,5,8
BU #65 - 519 Beacon,6,6
BU #65 - 519 Beacon,7,3
BU #65 - 519 Beacon,8,7
BU #65 - 519 Beacon,9,8
BU #65 - 519 Beacon,10,7
BU #65 - 519 Beacon,11,9
BU #65 - 519 Beacon,12,8
BU #67 - Kenmore Classroom,1,6
BU #67 - Kenmore Classroom,2,7
BU #67 - Kenmore Classroom,3,9
BU #67 - Kenmore Classroom,4,9
BU #67 - Kenmore Classroom,5,8
BU #67 - Kenmore Classroom,6,7
BU #67 - Kenmore Classroom,7,1
BU #67 - Kenmore Classroom,8,7
BU #67 - Kenmore Classroom,9,8
BU #67 - Kenmore Classroom,10,7
BU #67 - Kenmore Classroom,11,9
BU #67 - Kenmore Classroom,12,8
BU #68 - Howard Johnson (Hojo),1,6
BU #68 - Howard Johnson (Hojo),2,7
BU #68 - Howard Johnson (Hojo),3,9
BU #68 - Howard Johnson (Hojo),4,9
BU #68 - Howard Johnson (Hojo),5,8
BU #68 - Howard Johnson (Hojo),6,7
BU #68 - Howard Johnson (Hojo),7,2
BU #68 - Howard Johnson (Hojo),8,7
BU #68 - Howard Johnson (Hojo),9,8
BU #68 - Howard Johnson (Hojo),10,7
BU #68 - Howard Johnson (Hojo),11,9
BU #68 - Howard Johnson (Hojo),12,8
BU #69 - Graduate Apartments,1,8
BU #69 - Graduate Apartments,2,9
BU #69 - Graduate Apartments,3,11
BU #69 - Graduate Apartments,4,11
BU #69 - Graduate Apartments,5,10
BU #69 - Graduate Apartments,6,8
BU #69 - Graduate Apartments,7,4
BU #69 - Graduate Apartments,8,5
BU #69 - Graduate Apartments,9,9
BU #69 - Graduate Apartments,10,9
BU #69 - Graduate Apartments,11,9
BU #69 - Graduate Apartments,12,9
BU #7 - 1019 Comm Ave,1,6
BU #7 - 1019 Comm Ave,2,8
BU #7 - 1019 Comm Ave,3,9
BU #7 - 1019 Comm Ave,4,8
BU #7 - 1019 Comm Ave,5,9
BU #7 - 1019 Comm Ave,6,6
BU #7 - 1019 Comm Ave,9,8
BU #7 - 1019 Comm Ave,10,8
BU #7 - 1019 Comm Ave,11,8
BU #7 - 1019 Comm Ave,12,8
BU #70 - 59 Bay State,1,10
BU #70 - 59 Bay State,2,7
BU #70 - 59 Bay State,3,9
BU #70 - 59 Bay State,4,9
BU #70 - 59 Bay State,5,8
BU #70 - 59 Bay State,6,9
BU #70 - 59 Bay State,8,1
BU #70 - 59 Bay State,9,21
BU #70 - 59 Bay State,10,22
BU #70 - 59 Bay State,11,30
BU #70 - 59 Bay State,12,20
BU #71 - Metcalf Science,1,6
BU #71 - Metcalf Science,2,7
BU #71 - Metcalf Science,3,9
BU #71 - Metcalf Science,4,9
BU #71 - Metcalf Science,5,8
BU #71 - Metcalf Science,6,7
BU #71 - Metcalf Science,8,6
BU #71 - Metcalf Science,9,5
BU #71 - Metcalf Science,10,7
BU #71 - Metcalf Science,11,9
BU #71 - Metcalf Science,12,9
BU #72 - Rafik B Hariri,1,15
BU #72 - Rafik B Hariri,2,20
BU #72 - Rafik B Hariri,3,20
BU #72 - Rafik B Hariri,4,22
BU #72 - Rafik B Hariri,5,20
BU #72 - Rafik B Hariri,6,19
BU #72 - Rafik B Hariri,7,4
BU #72 - Rafik B Hariri,8,13
BU #72 - Rafik B Hariri,9,16
BU #72 - Rafik B Hariri,10,18
BU #72 - Rafik B Hariri,11,19
BU #72 - Rafik B Hariri,12,17
BU #73 - Kilachand Center,1,4
BU #73 - Kilachand Center,2,3
BU #73 - Kilachand Center,3,4
BU #73 - Kilachand Center,4,5
BU #73 - Kilachand Center,5,4
BU #73 - Kilachand Center,6,7
BU #73 - Kilachand Center,7,3
BU #73 - Kilachand Center,8,8
BU #73 - Kilachand Center,9,8
BU #73 - Kilachand Center,10,7
BU #73 - Kilachand Center,11,9
BU #73 - Kilachand Center,12,5
BU #74 - School of Education Annex,1,6
BU #74 - School of Education Annex,2,7
BU #74 - School of Education Annex,3,9
BU #74 - School of Education Annex,4,9
BU #74 - School of Education Annex,5,8
BU #74 - School of Education Annex,6,7
BU #74 - School of Education Annex,7,5
BU #74 - School of Education Annex,8,5
BU #74 - School of Education Annex,9,8
BU #74 - School of Education Annex,10,7
BU #74 - School of Education Annex,11,9
BU #74 - School of Education Annex,12,8
BU #75 - College of Health,1,32
BU #75 - College of Health,2,38
BU #75 - College of Health,3,44
BU #75 - College of Health,4,41
BU #75 - College of Health,5,31
BU #75 - College of Health,6,34
BU #75 - College of Health,7,6
BU #75 - College of Health,8,12
BU #75 - College of Health,9,29
BU #75 - College of Health,10,43
BU #75 - College of Health,11,38
BU #75 - College of Health,12,31
BU #76 - College of Communication,1,6
BU #76 - College of Communication,2,7
BU #76 - College of Communication,3,9
BU #76 - College of Communication,4,9
BU #76 - College of Communication,5,8
BU #76 - College of Communication,6,7
BU #76 - College of Communication,7,2
BU #76 - College of Communication,8,8
BU #76 - College of Communication,9,8
BU #76 - College of Communication,10,7
BU #76 - College of Communication,11,9
BU #76 - College of Communication,12,8
BU #77 - 64-68 Cummington,1,6
BU #77 - 64-68 Cummington,2,7
BU #77 - 64-68 Cummington,3,9
BU #77 - 64-68 Cummington,4,9
BU #77 - 64-68 Cummington,5,8
BU #77 - 64-68 Cummington,6,6
BU #77 - 64-68 Cummington,9,4
BU #77 - 64-68 Cummington,10,7
BU #77 - 64-68 Cummington,11,9
BU #77 - 64-68 Cummington,12,8
BU #78 - 660 Beacon,1,20
BU #78 - 660 Beacon,2,26
BU #78 - 660 Beacon,3,27
BU #78 - 660 Beacon,4,25
BU #78 - 660 Beacon,5,25
BU #78 - 660 Beacon,6,28
BU #78 - 660 Beacon,8,5
BU #78 - 660 Beacon,9,19
BU #78 - 660 Beacon,10,33
BU #78 - 660 Beacon,11,30
BU #78 - 660 Beacon,12,22
BU #79 - Stone Science Building,1,6
BU #79 - Stone Science Building,2,7
BU #79 - Stone Science Building,3,9
BU #79 - Stone Science Building,4,9
BU #79 - Stone Science Building,5,8
BU #79 - Stone Science Building,6,7
BU #79 - Stone Science Building,7,4
BU #79 - Stone Science Building,8,9
BU #79 - Stone Science Building,9,8
BU #79 - Stone Science Building,10,7
BU #79 - Stone Science Building,11,9
BU #79 - Stone Science Building,12,8
BU #8 - 1053 Beacon,1,4
BU #8 - 1053 Beacon,2,4
BU #8 - 1053 Beacon,3,5
BU #8 - 1053 Beacon,4,4
BU #8 - 1053 Beacon,5,5
BU #8 - 1053 Beacon,6,5
BU #8 - 1053 Beacon,7,2
BU #8 - 1053 Beacon,8,8
BU #8 - 1053 Beacon,9,8
BU #8 - 1053 Beacon,10,8
BU #8 - 1053 Beacon,11,8
BU #8 - 1053 Beacon,12,5
BU #80 - 677 Beacon,1,6
BU #80 - 677 Beacon,2,7
BU #80 - 677 Beacon,3,9
BU #80 - 677 Beacon,4,9
BU #80 - 677 Beacon,5,8
BU #80 - 677 Beacon,6,6
BU #80 - 677 Beacon,7,1
BU #80 - 677 Beacon,8,7
BU #80 - 677 Beacon,9,8
BU #80 - 677 Beacon,10,7
BU #80 - 677 Beacon,11,9
BU #80 - 677 Beacon,12,8
BU #81 - College of Arts,1,7
BU #81 - College of Arts,2,11
BU #81 - College of Arts,3,10
BU #81 - College of Arts,4,10
BU #81 - College of Arts,5,8
BU #81 - College of Arts,6,7
BU #81 - College of Arts,9,5
BU #81 - College of Arts,10,8
BU #81 - College of Arts,11,10
BU #81 - College of Arts,12,8
BU #82 - Warren Towers,1,20
BU #82 - Warren Towers,2,26
BU #82 - Warren Towers,3,30
BU #82 - Warren Towers,4,30
BU #82 - Warren Towers,5,30
BU #82 - Warren Towers,6,21
BU #82 - Warren Towers,7,2
BU #82 - Warren Towers,9,23
BU #82 - Warren Towers,10,20
BU #82 - Warren Towers,11,28
BU #82 - Warren Towers,12,25
BU #83 - 704 Comm Ave,1,6
BU #83 - 704 Comm Ave,2,8
BU #83 - 704 Comm Ave,3,9
BU #83 - 704 Comm Ave,4,9
BU #83 - 704 Comm Ave,5,9
BU #83 - 704 Comm Ave,6,7
BU #83 - 704 Comm Ave,7,3
BU #83 - 704 Comm Ave,8,7
BU #83 - 704 Comm Ave,9,9
BU #83 - 704 Comm Ave,10,9
BU #83 - 704 Comm Ave,11,10
BU #83 - 704 Comm Ave,12,9
BU #84 - 712 Beacon,1,6
BU #84 - 712 Beacon,2,7
BU #84 - 712 Beacon,3,9
BU #84 - 712 Beacon,4,9
BU #84 - 712 Beacon,5,8
BU #84 - 712 Beacon,6,7
BU #84 - 712 Beacon,7,2
BU #84 - 712 Beacon,8,6
BU #84 - 712 Beacon,9,8
BU #84 - 712 Beacon,10,7
BU #84 - 712 Beacon,11,9
BU #84 - 712 Beacon,12,8
BU #85 - 718 Comm Ave,1,6
BU #85 - 718 Comm Ave,2,7
BU #85 - 718 Comm Ave,3,9
BU #85 - 718 Comm Ave,4,9
BU #85 - 718 Comm Ave,5,8
BU #85 - 718 Comm Ave,6,7
BU #85 - 718 Comm Ave,7,3
BU #85 - 718 Comm Ave,8,8
BU #85 - 718 Comm Ave,9,5
BU #85 - 718 Comm Ave,10,7
BU #85 - 718 Comm Ave,11,9
BU #85 - 718 Comm Ave,12,8
BU #86 - 722 Comm Ave,1,6
BU #86 - 722 Comm Ave,2,7
BU #86 - 722 Comm Ave,3,9
BU #86 - 722 Comm Ave,4,9
BU #86 - 722 Comm Ave,5,8
BU #86 - 722 Comm Ave,6,5
BU #86 - 722 Comm Ave,7,2
BU #86 - 722 Comm Ave,8,7
BU #86 - 722 Comm Ave,9,7
BU #86 - 722 Comm Ave,10,7
BU #86 - 722 Comm Ave,11,9
BU #86 - 722 Comm Ave,12,8
BU #87 - College of Engineering,1,7
BU #87 - College of Engineering,2,8
BU #87 - College of Engineering,3,11
BU #87 - College of Engineering,4,10
BU #87 - College of Engineering,5,9
BU #87 - College of Engineering,6,8
BU #87 - College of Engineering,7,1
BU #87 - College of Engineering,8,1
BU #87 - College of Engineering,9,8
BU #87 - College of Engineering,10,8
BU #87 - College of Engineering,11,10
BU #87 - College of Engineering,12,9
BU #87B- College of Engineering,1,6
BU #87B- College of Engineering,2,7
BU #87B- College of Engineering,3,9
BU #87B- College of Engineering,4,9
BU #87B- College of Engineering,5,8
BU #87B- College of Engineering,6,7
BU #87B- College of Engineering,7,3
BU #87B- College of Engineering,8,7
BU #87B- College of Engineering,10,7
BU #87B- College of Engineering,11,9
BU #87B- College of Engineering,12,8
BU #88 - Marsh Chapel,1,6
BU #88 - Marsh Chapel,2,7
BU #88 - Marsh Chapel,3,9
BU #88 - Marsh Chapel,4,9
BU #88 - Marsh Chapel,5,8
BU #88 - Marsh Chapel,6,7
BU #88 - Marsh Chapel,7,4
BU #88 - Marsh Chapel,8,6
BU #88 - Marsh Chapel,9,8
BU #88 - Marsh Chapel,10,7
BU #88 - Marsh Chapel,11,10
BU #88 - Marsh Chapel,12,8
BU #89 - Brownstones,1,6
BU #89 - Brownstones,2,7
BU #89 - Brownstones,3,9
BU #89 - Brownstones,4,9
BU #89 - Brownstones,5,8
BU #89 - Brownstones,6,9
BU #89 - Brownstones,7,3
BU #89 - Brownstones,8,7
BU #89 - Brownstones,9,8
BU #89 - Brownstones,10,7
BU #89 - Brownstones,11,9
BU #89 - Brownstones,12,8
BU #9 - College of Engineering,1,7
BU #9 - College of Engineering,2,7
BU #9 - College of Engineering,3,9
BU #9 - College of Engineering,4,9
BU #9 - College of Engineering,5,8
BU #9 - College of Engineering,6,5
BU #9 - College of Engineering,7,1
BU #9 - College of Engineering,8,5
BU #9 - College of Engineering,9,7
BU #9 - College of Engineering,10,7
BU #9 - College of Engineering,11,9
BU #9 - College of Engineering,12,8
BU #90 - School of Law,1,8
BU #90 - School of Law,2,14
BU #90 - School of Law,3,21
BU #90 - School of Law,4,17
BU #90 - School of Law,5,9
BU #90 - School of Law,6,8
BU #90 - School of Law,7,3
BU #90 - School of Law,8,7
BU #90 - School of Law,9,11
BU #90 - School of Law,10,8
BU #90 - School of Law,11,10
BU #90 - School of Law,12,9
BU #92 - Mugar Memorial Library,1,26
BU #92 - Mugar Memorial Library,2,29
BU #92 - Mugar Memorial Library,3,35
BU #92 - Mugar Memorial Library,4,35
BU #92 - Mugar Memorial Library,5,31
BU #92 - Mugar Memorial Library,6,29
BU #92 - Mugar Memorial Library,7,4
BU #92 - Mugar Memorial Library,8,8
BU #92 - Mugar Memorial Library,9,23
BU #92 - Mugar Memorial Library,10,34
BU #92 - Mugar Memorial Library,11,30
BU #92 - Mugar Memorial Library,12,27
BU #93 - George Sherman Union,1,18
BU #93 - George Sherman Union,2,24
BU #93 - George Sherman Union,3,26
BU #93 - George Sherman Union,4,26
BU #93 - George Sherman Union,5,23
BU #93 - George Sherman Union,6,20
BU #93 - George Sherman Union,7,5
BU #93 - George Sherman Union,8,9
BU #93 - George Sherman Union,9,21
BU #93 - George Sherman Union,10,25
BU #93 - George Sherman Union,11,26
BU #93 - George Sherman Union,12,21
BU #95 - 80 Ivy,1,6
BU #95 - 80 Ivy,2,8
BU #95 - 80 Ivy,3,9
BU #95 - 80 Ivy,4,8
BU #95 - 80 Ivy,5,10
BU #95 - 80 Ivy,6,5
BU #95 - 80 Ivy,7,4
BU #95 - 80 Ivy,8,8
BU #95 - 80 Ivy,9,8
BU #95 - 80 Ivy,10,8
BU #95 - 80 Ivy,11,8
BU #95 - 80 Ivy,12,8
BU #96 - 808 Comm Ave,1,17
BU #96 - 808 Comm Ave,2,18
BU #96 - 808 Comm Ave,3,23
BU #96 - 808 Comm Ave,4,24
BU #96 - 808 Comm Ave,5,17
BU #96 - 808 Comm Ave,6,7
BU #96 - 808 Comm Ave,7,5
BU #96 - 808 Comm Ave,8,9
BU #96 - 808 Comm Ave,9,20
BU #96 - 808 Comm Ave,10,21
BU #96 - 808 Comm Ave,11,20
BU #96 - 808 Comm Ave,12,19
BU #97 - 845 Beacon,1,8
BU #97 - 845 Beacon,2,8
BU #97 - 845 Beacon,3,9
BU #97 - 845 Beacon,4,8
BU #97 - 845 Beacon,5,9
BU #97 - 845 Beacon,6,8
BU #97 - 845 Beacon,7,3
BU #97 - 845 Beacon,8,7
BU #97 - 845 Beacon,9,8
BU #97 - 845 Beacon,10,8
BU #97 - 845 Beacon,11,8
BU #97 - 845 Beacon,12,9
BU #98 - 853 Beacon,1,8
BU #98 - 853 Beacon,2,8
BU #98 - 853 Beacon,3,9
BU #98 - 853 Beacon,4,8
BU #98 - 853 Beacon,5,9
BU #98 - 853 Beacon,6,8
BU #98 - 853 Beacon,10,7
BU #98 - 853 Beacon,11,8
BU #98 - 853 Beacon,12,9
BU #99 - College of Fine Arts,1,11
BU #99 - College of Fine Arts,2,12
BU #99 - College of Fine Arts,3,18
BU #99 - College of Fine Arts,4,18
BU #99 - College of Fine Arts,5,16
BU #99 - College of Fine Arts,6,10
BU #99 - College of Fine Arts,7,7
BU #99 - College of Fine Arts,8,6
BU #99 - College of Fine Arts,9,14
BU #99 - College of Fine Arts,10,14
BU #99 - College of Fine Arts,11,12
BU #99 - College of Fine Arts,12,12
BU COMPOST- 275 Babcock,1,12
BU COMPOST- 275 Babcock,2,50
BU COMPOST- 275 Babcock,3,62
BU COMPOST- 275 Babcock,4,58
BU COMPOST- 275 Babcock,8,8
BU COMPOST- 275 Babcock,9,28
BU COMPOST- 275 Babcock,10,30
BU COMPOST- 275 Babcock,11,26
BU COMPOST- 275 Babcock,12,24
BU COMPOST- 700 Comm AVE,1,16
BU COMPOST- 700 Comm AVE,2,26
BU COMPOST- 700 Comm AVE,3,31
BU COMPOST- 700 Comm AVE,4,29
BU COMPOST- 700 Comm AVE,8,16
BU COMPOST- 700 Comm AVE,9,28
BU COMPOST- 700 Comm AVE,10,30
BU COMPOST- 700 Comm AVE,11,26
BU COMPOST- 700 Comm AVE,12,22
BU COMPOST- 949 Comm Ave,1,28
BU COMPOST- 949 Comm Ave,2,26
BU COMPOST- 949 Comm Ave,3,31
BU COMPOST- 949 Comm Ave,4,30
BU COMPOST- 949 Comm Ave,8,26
BU COMPOST- 949 Comm Ave,9,28
BU COMPOST- 949 Comm Ave,10,30
BU COMPOST- 949 Comm Ave,11,29
BU COMPOST- 949 Comm Ave,12,27
BU Compost- 925 Comm Ave,1,6
BU Compost- 925 Comm Ave,2,6
BU Compost- 925 Comm Ave,3,4
BU Compost- 925 Comm Ave,4,6
BU Compost- 925 Comm Ave,10,10
BU Compost- 925 Comm Ave,11,5
BU Compost- 925 Comm Ave,12,7
BU MED - 609 Albany,1,17
BU MED - 609 Albany,2,18
BU MED - 609 Albany,3,22
BU MED - 609 Albany,4,22
BU MED - 609 Albany,5,21
BU MED - 609 Albany,6,18
BU MED - 609 Albany,9,16
BU MED - 609 Albany,10,19
BU MED - 609 Albany,11,20
BU MED - 609 Albany,12,19
BU MED- 15 Stoughton,1,22
BU MED- 15 Stoughton,2,22
BU MED- 15 Stoughton,3,26
BU MED- 15 Stoughton,4,27
BU MED- 15 Stoughton,5,25
BU MED- 15 Stoughton,6,25
BU MED- 15 Stoughton,7,5
BU MED- 15 Stoughton,8,4
BU MED- 15 Stoughton,9,21
BU MED- 15 Stoughton,10,25
BU MED- 15 Stoughton,11,27
BU MED- 15 Stoughton,12,23
BU MED- 635 Albany Street,1,17
BU MED- 635 Albany Street,2,18
BU MED- 635 Albany Street,3,22
BU MED- 635 Albany Street,4,22
BU MED- 635 Albany Street,5,21
BU MED- 635 Albany Street,6,17
BU MED- 635 Albany Street,9,16
BU MED- 635 Albany Street,10,19
BU MED- 635 Albany Street,11,20
BU MED- 635 Albany Street,12,19
BU MED- 700 Albany,1,17
BU MED- 700 Albany,2,16
BU MED- 700 Albany,3,20
BU MED- 700 Albany,4,21
BU MED- 700 Albany,5,18
BU MED- 700 Albany,6,23
BU MED- 700 Albany,7,1
BU MED- 700 Albany,8,2
BU MED- 700 Albany,9,17
BU MED- 700 Albany,10,22
BU MED- 700 Albany,11,21
BU MED- 700 Albany,12,17
BU MED- 715 Albany,1,17
BU MED- 715 Albany,2,18
BU MED- 715 Albany,3,22
BU MED- 715 Albany,4,22
BU MED- 715 Albany,5,21
BU MED- 715 Albany,6,20
BU MED- 715 Albany,9,16
BU MED- 715 Albany,10,19
BU MED- 715 Albany,11,20
BU MED- 715 Albany,12,19
BU MED- 715 Albany West,1,17
BU MED- 715 Albany West,2,18
BU MED- 715 Albany West,3,22
BU MED- 715 Albany West,4,22
BU MED- 715 Albany West,5,21
BU MED- 715 Albany West,6,21
BU MED- 715 Albany West,9,16
BU MED- 715 Albany West,10,18
BU MED- 715 Albany West,11,17
BU MED- 715 Albany West,12,19
BU MED- 815 Albany,1,26
BU MED- 815 Albany,2,26
BU MED- 815 Albany,3,32
BU MED- 815 Albany,4,30
BU MED- 815 Albany,5,22
BU MED- 815 Albany,6,20
BU MED- 815 Albany,7,5
BU MED- 815 Albany,8,19
BU MED- 815 Albany,9,30
BU MED- 815 Albany,10,36
BU MED- 815 Albany,11,30
BU MED- 815 Albany,12,28
BU SECURE- 25 Pilgrim,11,1
BU- 10 Buick TEMP,5,3
BU- 100 Bay State TEMP,5,3
BU- 100 Bay State TEMP,6,1
BU- 100 Bay State TEMP,9,1
BU- 14 Buswell TEMP,5,2
BU- 14 Buswell TEMP,6,2
BU- 14 Buswell TEMP,9,2
BU- 170 Bay State TEMP,5,6
BU- 170 Bay State TEMP,6,1
BU- 170 Bay State TEMP,8,2
BU- 170 Bay State TEMP,9,1
BU- 25 Pilgrim TEMP,5,2
BU- 25 Pilgrim TEMP,6,1
BU- 275 Babcock TEMP,5,5
BU- 275 Babcock TEMP,6,1
BU- 275 Babcock TEMP,8,1
BU- 275 Babcock TEMP,9,1
BU- 30 Bay State TEMP,5,2
BU- 30 Bay State TEMP,6,1
BU- 30 Bay State TEMP,8,1
BU- 30 Bay State TEMP,9,1
BU- 33 Harry Agganis TEMP,5,2
BU- 33 Harry Agganis TEMP,6,1
BU- 46 Mountfort TEMP,5,3
BU- 46 Mountfort TEMP,6,2
BU- 46 Mountfort TEMP,8,1
BU- 46 Mountfort TEMP,9,1
BU- 515 Park TEMP,5,5
BU- 515 Park TEMP,6,2
BU- 515 Park TEMP,8,1
BU- 515 Park TEMP,9,1
BU- 808 Commonwealth TEMP,8,1
BU- 808 Commonwealth TEMP,12,1
BU- 815 Albany TEMP,7,1
BU- 815 Albany TEMP,8,2
BU- Cummington Mall TEMP,5,17
BU- Cummington Mall TEMP,6,6
BU- Cummington Mall TEMP,8,4
BU- Cummington Mall TEMP,9,5
BU- Nickerson Event,5,3
