"Processed Address",Latitude,Longitude,"Accuracy Score","Accuracy Type",Number,Street,"Unit Type","Unit Number",City,State,County,Zip,Country,Source,"ACS Housing/Number of housing units/Total/Value","ACS Housing/Number of housing units/Total/Margin of error","ACS Housing/Occupancy status/Occupied/Value","ACS Housing/Occupancy status/Occupied/Margin of error","ACS Housing/Occupancy status/Occupied/Percentage","ACS Housing/Occupancy status/Vacant/Value","ACS Housing/Occupancy status/Vacant/Margin of error","ACS Housing/Occupancy status/Vacant/Percentage","ACS Housing/Ownership of occupied units/Owner occupied/Value","ACS Housing/Ownership of occupied units/Owner occupied/Margin of error","ACS Housing/Ownership of occupied units/Owner occupied/Percentage","ACS Housing/Ownership of occupied units/Renter occupied/Value","ACS Housing/Ownership of occupied units/Renter occupied/Margin of error","ACS Housing/Ownership of occupied units/Renter occupied/Percentage","ACS Housing/Units in structure/1, detached unit/Value","ACS Housing/Units in structure/1, detached unit/Margin of error","ACS Housing/Units in structure/1, detached unit/Percentage","ACS Housing/Units in structure/1, attached unit/Value","ACS Housing/Units in structure/1, attached unit/Margin of error","ACS Housing/Units in structure/1, attached unit/Percentage","ACS Housing/Units in structure/2 units/Value","ACS Housing/Units in structure/2 units/Margin of error","ACS Housing/Units in structure/2 units/Percentage","ACS Housing/Units in structure/3 or 4 units/Value","ACS Housing/Units in structure/3 or 4 units/Margin of error","ACS Housing/Units in structure/3 or 4 units/Percentage","ACS Housing/Units in structure/5 to 9 units/Value","ACS Housing/Units in structure/5 to 9 units/Margin of error","ACS Housing/Units in structure/5 to 9 units/Percentage","ACS Housing/Units in structure/10 to 19 unit/Value","ACS Housing/Units in structure/10 to 19 unit/Margin of error","ACS Housing/Units in structure/10 to 19 unit/Percentage","ACS Housing/Units in structure/20 to 49 units/Value","ACS Housing/Units in structure/20 to 49 units/Margin of error","ACS Housing/Units in structure/20 to 49 units/Percentage","ACS Housing/Units in structure/50 or more units/Value","ACS Housing/Units in structure/50 or more units/Margin of error","ACS Housing/Units in structure/50 or more units/Percentage","ACS Housing/Units in structure/Mobile home units/Value","ACS Housing/Units in structure/Mobile home units/Margin of error","ACS Housing/Units in structure/Mobile home units/Percentage","ACS Housing/Units in structure/Boat, RV, van, etc. units/Value","ACS Housing/Units in structure/Boat, RV, van, etc. units/Margin of error","ACS Housing/Units in structure/Boat, RV, van, etc. units/Percentage","ACS Housing/Median value of owner-occupied housing units/Total/Value","ACS Housing/Median value of owner-occupied housing units/Total/Margin of error","ACS Housing/Value of owner-occupied housing units/Less than $10,000/Value","ACS Housing/Value of owner-occupied housing units/Less than $10,000/Margin of error","ACS Housing/Value of owner-occupied housing units/Less than $10,000/Percentage","ACS Housing/Value of owner-occupied housing units/$10,000 to $14,999/Value","ACS Housing/Value of owner-occupied housing units/$10,000 to $14,999/Margin of error","ACS Housing/Value of owner-occupied housing units/$10,000 to $14,999/Percentage","ACS Housing/Value of owner-occupied housing units/$15,000 to $19,999/Value","ACS Housing/Value of owner-occupied housing units/$15,000 to $19,999/Margin of error","ACS Housing/Value of owner-occupied housing units/$15,000 to $19,999/Percentage","ACS Housing/Value of owner-occupied housing units/$20,000 to $24,999/Value","ACS Housing/Value of owner-occupied housing units/$20,000 to $24,999/Margin of error","ACS Housing/Value of owner-occupied housing units/$20,000 to $24,999/Percentage","ACS Housing/Value of owner-occupied housing units/$25,000 to $29,999/Value","ACS Housing/Value of owner-occupied housing units/$25,000 to $29,999/Margin of error","ACS Housing/Value of owner-occupied housing units/$25,000 to $29,999/Percentage","ACS Housing/Value of owner-occupied housing units/$30,000 to $34,999/Value","ACS Housing/Value of owner-occupied housing units/$30,000 to $34,999/Margin of error","ACS Housing/Value of owner-occupied housing units/$30,000 to $34,999/Percentage","ACS Housing/Value of owner-occupied housing units/$35,000 to $39,999/Value","ACS Housing/Value of owner-occupied housing units/$35,000 to $39,999/Margin of error","ACS Housing/Value of owner-occupied housing units/$35,000 to $39,999/Percentage","ACS Housing/Value of owner-occupied housing units/$40,000 to $49,999/Value","ACS Housing/Value of owner-occupied housing units/$40,000 to $49,999/Margin of error","ACS Housing/Value of owner-occupied housing units/$40,000 to $49,999/Percentage","ACS Housing/Value of owner-occupied housing units/$50,000 to $59,999/Value","ACS Housing/Value of owner-occupied housing units/$50,000 to $59,999/Margin of error","ACS Housing/Value of owner-occupied housing units/$50,000 to $59,999/Percentage","ACS Housing/Value of owner-occupied housing units/$60,000 to $69,999/Value","ACS Housing/Value of owner-occupied housing units/$60,000 to $69,999/Margin of error","ACS Housing/Value of owner-occupied housing units/$60,000 to $69,999/Percentage","ACS Housing/Value of owner-occupied housing units/$70,000 to $79,999/Value","ACS Housing/Value of owner-occupied housing units/$70,000 to $79,999/Margin of error","ACS Housing/Value of owner-occupied housing units/$70,000 to $79,999/Percentage","ACS Housing/Value of owner-occupied housing units/$80,000 to $89,999/Value","ACS Housing/Value of owner-occupied housing units/$80,000 to $89,999/Margin of error","ACS Housing/Value of owner-occupied housing units/$80,000 to $89,999/Percentage","ACS Housing/Value of owner-occupied housing units/$90,000 to $99,999/Value","ACS Housing/Value of owner-occupied housing units/$90,000 to $99,999/Margin of error","ACS Housing/Value of owner-occupied housing units/$90,000 to $99,999/Percentage","ACS Housing/Value of owner-occupied housing units/$100,000 to $124,999/Value","ACS Housing/Value of owner-occupied housing units/$100,000 to $124,999/Margin of error","ACS Housing/Value of owner-occupied housing units/$100,000 to $124,999/Percentage","ACS Housing/Value of owner-occupied housing units/$125,000 to $149,999/Value","ACS Housing/Value of owner-occupied housing units/$125,000 to $149,999/Margin of error","ACS Housing/Value of owner-occupied housing units/$125,000 to $149,999/Percentage","ACS Housing/Value of owner-occupied housing units/$150,000 to $174,999/Value","ACS Housing/Value of owner-occupied housing units/$150,000 to $174,999/Margin of error","ACS Housing/Value of owner-occupied housing units/$150,000 to $174,999/Percentage","ACS Housing/Value of owner-occupied housing units/$175,000 to $199,999/Value","ACS Housing/Value of owner-occupied housing units/$175,000 to $199,999/Margin of error","ACS Housing/Value of owner-occupied housing units/$175,000 to $199,999/Percentage","ACS Housing/Value of owner-occupied housing units/$200,000 to $249,999/Value","ACS Housing/Value of owner-occupied housing units/$200,000 to $249,999/Margin of error","ACS Housing/Value of owner-occupied housing units/$200,000 to $249,999/Percentage","ACS Housing/Value of owner-occupied housing units/$250,000 to $299,999/Value","ACS Housing/Value of owner-occupied housing units/$250,000 to $299,999/Margin of error","ACS Housing/Value of owner-occupied housing units/$250,000 to $299,999/Percentage","ACS Housing/Value of owner-occupied housing units/$300,000 to $399,999/Value","ACS Housing/Value of owner-occupied housing units/$300,000 to $399,999/Margin of error","ACS Housing/Value of owner-occupied housing units/$300,000 to $399,999/Percentage","ACS Housing/Value of owner-occupied housing units/$400,000 to $499,999/Value","ACS Housing/Value of owner-occupied housing units/$400,000 to $499,999/Margin of error","ACS Housing/Value of owner-occupied housing units/$400,000 to $499,999/Percentage","ACS Housing/Value of owner-occupied housing units/$500,000 to $749,999/Value","ACS Housing/Value of owner-occupied housing units/$500,000 to $749,999/Margin of error","ACS Housing/Value of owner-occupied housing units/$500,000 to $749,999/Percentage","ACS Housing/Value of owner-occupied housing units/$750,000 to $999,999/Value","ACS Housing/Value of owner-occupied housing units/$750,000 to $999,999/Margin of error","ACS Housing/Value of owner-occupied housing units/$750,000 to $999,999/Percentage","ACS Housing/Value of owner-occupied housing units/$1,000,000 to $1,499,999/Value","ACS Housing/Value of owner-occupied housing units/$1,000,000 to $1,499,999/Margin of error","ACS Housing/Value of owner-occupied housing units/$1,000,000 to $1,499,999/Percentage","ACS Housing/Value of owner-occupied housing units/$1,500,000 to $1,999,999/Value","ACS Housing/Value of owner-occupied housing units/$1,500,000 to $1,999,999/Margin of error","ACS Housing/Value of owner-occupied housing units/$1,500,000 to $1,999,999/Percentage","ACS Housing/Value of owner-occupied housing units/$2,000,000 or more/Value","ACS Housing/Value of owner-occupied housing units/$2,000,000 or more/Margin of error","ACS Housing/Value of owner-occupied housing units/$2,000,000 or more/Percentage","Census Year","State FIPS","County FIPS","Place Name","Place FIPS","Census Tract Code","Census Block Code","Census Block Group","Full FIPS (block)","Full FIPS (tract)","Metro/Micro Statistical Area Name","Metro/Micro Statistical Area Code","Metro/Micro Statistical Area Type","Combined Statistical Area Name","Combined Statistical Area Code","Metropolitan Division Area Name","Metropolitan Division Area Code"
"635 commonwealth ave, Boston, MA",42.349883,-71.101988,1,rooftop,635,"Commonwealth Ave",,,Boston,MA,"Suffolk County",02215,US,"Office of Geographic Information (MassGIS), Commonwealth of Massachusetts, MassIT",116,54,57,26,0.491,59,51,0.509,0,13,0,57,26,1,0,13,0,0,13,0,0,13,0,6,7,0.052,71,42,0.612,4,6,0.034,27,33,0.233,8,12,0.069,0,13,0,0,13,0,0,0,0,13,0,0,13,0,0,13,0,0,13,0,0,13,0,0,13,0,0,13,0,0,13,0,0,13,0,0,13,0,0,13,0,0,13,0,0,13,0,0,13,0,0,13,0,0,13,0,0,13,0,0,13,0,0,13,0,0,13,0,0,13,0,0,13,0,0,13,0,0,13,0,0,13,0,0,13,0,2022,25,25025,Boston,2507000,010103,3011,3,250250101033011,25025010103,"Boston-Cambridge-Newton, MA-NH",14460,metropolitan,"Boston-Worcester-Providence, MA-RI-NH-CT",148,"Boston, MA",14454
"855 commonwealth ave, Boston, MA",42.35135,-71.113815,1,rooftop,855,"Commonwealth Ave",,,Boston,MA,"Suffolk County",02215,US,"Office of Geographic Information (MassGIS), Commonwealth of Massachusetts, MassIT",0,13,0,13,0,0,13,0,0,13,0,0,13,0,0,13,0,0,13,0,0,13,0,0,13,0,0,13,0,0,13,0,0,13,0,0,13,0,0,13,0,0,13,0,0,0,0,13,0,0,13,0,0,13,0,0,13,0,0,13,0,0,13,0,0,13,0,0,13,0,0,13,0,0,13,0,0,13,0,0,13,0,0,13,0,0,13,0,0,13,0,0,13,0,0,13,0,0,13,0,0,13,0,0,13,0,0,13,0,0,13,0,0,13,0,0,13,0,0,13,0,0,13,0,2022,25,25025,Boston,2507000,000807,1004,1,250250008071004,25025000807,"Boston-Cambridge-Newton, MA-NH",14460,metropolitan,"Boston-Worcester-Providence, MA-RI-NH-CT",148,"Boston, MA",14454
"10 buick street , Boston, MA",42.352398,-71.115972,1,rooftop,10,"Buick St",,,Boston,MA,"Suffolk County",02215,US,"Office of Geographic Information (MassGIS), Commonwealth of Massachusetts, MassIT",0,13,0,13,0,0,13,0,0,13,0,0,13,0,0,13,0,0,13,0,0,13,0,0,13,0,0,13,0,0,13,0,0,13,0,0,13,0,0,13,0,0,13,0,0,0,0,13,0,0,13,0,0,13,0,0,13,0,0,13,0,0,13,0,0,13,0,0,13,0,0,13,0,0,13,0,0,13,0,0,13,0,0,13,0,0,13,0,0,13,0,0,13,0,0,13,0,0,13,0,0,13,0,0,13,0,0,13,0,0,13,0,0,13,0,0,13,0,0,13,0,0,13,0,2022,25,25025,Boston,2507000,000807,1006,1,250250008071006,25025000807,"Boston-Cambridge-Newton, MA-NH",14460,metropolitan,"Boston-Worcester-Providence, MA-RI-NH-CT",148,"Boston, MA",14454
"80 ivy st, Boston, MA",42.346936,-71.107394,0.9,rooftop,80,"Ivy St",,,Brookline,MA,"Norfolk County",02446,US,"City of Brookline",249,116,197,96,0.791,52,82,0.209,74,67,0.376,123,92,0.624,8,13,0.032,0,13,0,35,33,0.141,142,90,0.57,64,74,0.257,0,13,0,0,13,0,0,13,0,0,13,0,0,13,0,0,0,0,13,0,0,13,0,0,13,0,0,13,0,0,13,0,0,13,0,0,13,0,0,13,0,0,13,0,0,13,0,0,13,0,0,13,0,0,13,0,0,13,0,0,13,0,0,13,0,0,13,0,0,13,0,0,13,0,0,13,0,18,32,0.243,0,13,0,56,63,0.757,0,13,0,0,13,0,0,13,0,2022,25,25021,Brookline,2509210,400100,4015,4,250214001004015,25021400100,"Boston-Cambridge-Newton, MA-NH",14460,metropolitan,"Boston-Worcester-Providence, MA-RI-NH-CT",148,"Boston, MA",14454
"815 albany street, Boston, MA",42.332384,-71.075471,1,rooftop,815,"Albany St",,,Roxbury,MA,"Suffolk County",02119,US,"Office of Geographic Information (MassGIS), Commonwealth of Massachusetts, MassIT",762,203,687,181,0.902,75,98,0.098,83,49,0.121,604,181,0.879,0,13,0,231,130,0.303,0,13,0,61,36,0.08,55,51,0.072,118,106,0.155,65,41,0.085,232,115,0.304,0,13,0,0,13,0,396200,356794,0,13,0,0,13,0,0,13,0,0,13,0,0,13,0,0,13,0,0,13,0,0,13,0,0,13,0,0,13,0,0,13,0,0,13,0,0,13,0,0,13,0,0,13,0,0,13,0,0,13,0,29,38,0.349,0,13,0,13,22,0.157,0,13,0,41,34,0.494,0,13,0,0,13,0,0,13,0,0,13,0,2022,25,25025,Boston,2507000,080401,1007,1,250250804011007,25025080401,"Boston-Cambridge-Newton, MA-NH",14460,metropolitan,"Boston-Worcester-Providence, MA-RI-NH-CT",148,"Boston, MA",14454
"120 ashford street, Boston, MA",42.35446,-71.122324,1,rooftop,120,"Ashford St",,,Allston,MA,"Suffolk County",02134,US,"Office of Geographic Information (MassGIS), Commonwealth of Massachusetts, MassIT",575,136,456,125,0.793,119,85,0.207,0,13,0,456,125,1,0,13,0,0,13,0,82,53,0.143,15,25,0.026,21,25,0.037,38,36,0.066,157,95,0.273,262,94,0.456,0,13,0,0,13,0,0,0,0,13,0,0,13,0,0,13,0,0,13,0,0,13,0,0,13,0,0,13,0,0,13,0,0,13,0,0,13,0,0,13,0,0,13,0,0,13,0,0,13,0,0,13,0,0,13,0,0,13,0,0,13,0,0,13,0,0,13,0,0,13,0,0,13,0,0,13,0,0,13,0,0,13,0,0,13,0,2022,25,25025,Boston,2507000,000805,3000,3,250250008053000,25025000805,"Boston-Cambridge-Newton, MA-NH",14460,metropolitan,"Boston-Worcester-Providence, MA-RI-NH-CT",148,"Boston, MA",14454
"200 riverway, Boston, MA",42.341768,-71.106444,1,rooftop,200,Riverway,,,Boston,MA,"Suffolk County",02215,US,"Office of Geographic Information (MassGIS), Commonwealth of Massachusetts, MassIT",140,35,130,32,0.929,10,15,0.071,19,16,0.146,111,29,0.854,11,15,0.079,0,13,0,0,13,0,0,13,0,5,7,0.036,68,29,0.486,26,15,0.186,30,20,0.214,0,13,0,0,13,0,293200,106569,0,13,0,0,13,0,0,13,0,0,13,0,0,13,0,0,13,0,0,13,0,0,13,0,0,13,0,0,13,0,0,13,0,0,13,0,0,13,0,0,13,0,0,13,0,0,13,0,0,13,0,0,13,0,11,15,0.579,4,6,0.211,4,5,0.211,0,13,0,0,13,0,0,13,0,0,13,0,0,13,0,2022,25,25025,Boston,2507000,010300,2001,2,250250103002001,25025010300,"Boston-Cambridge-Newton, MA-NH",14460,metropolitan,"Boston-Worcester-Providence, MA-RI-NH-CT",148,"Boston, MA",14454
"1 university road, Boston, MA",42.351178,-71.109783,1,rooftop,1,"University Rd",,,Boston,MA,"Suffolk County",02215,US,"Office of Geographic Information (MassGIS), Commonwealth of Massachusetts, MassIT",116,54,57,26,0.491,59,51,0.509,0,13,0,57,26,1,0,13,0,0,13,0,0,13,0,6,7,0.052,71,42,0.612,4,6,0.034,27,33,0.233,8,12,0.069,0,13,0,0,13,0,0,0,0,13,0,0,13,0,0,13,0,0,13,0,0,13,0,0,13,0,0,13,0,0,13,0,0,13,0,0,13,0,0,13,0,0,13,0,0,13,0,0,13,0,0,13,0,0,13,0,0,13,0,0,13,0,0,13,0,0,13,0,0,13,0,0,13,0,0,13,0,0,13,0,0,13,0,0,13,0,2022,25,25025,Boston,2507000,010103,3001,3,250250101033001,25025010103,"Boston-Cambridge-Newton, MA-NH",14460,metropolitan,"Boston-Worcester-Providence, MA-RI-NH-CT",148,"Boston, MA",14454
"100 bay state rd, Boston, MA",42.349981,-71.097915,1,rooftop,100,"Bay State Rd",,,Boston,MA,"Suffolk County",02215,US,"Office of Geographic Information (MassGIS), Commonwealth of Massachusetts, MassIT",83,39,69,40,0.831,14,23,0.169,0,13,0,69,40,1,0,13,0,0,13,0,7,11,0.084,0,13,0,62,27,0.747,0,13,0,0,13,0,14,23,0.169,0,13,0,0,13,0,0,0,0,13,0,0,13,0,0,13,0,0,13,0,0,13,0,0,13,0,0,13,0,0,13,0,0,13,0,0,13,0,0,13,0,0,13,0,0,13,0,0,13,0,0,13,0,0,13,0,0,13,0,0,13,0,0,13,0,0,13,0,0,13,0,0,13,0,0,13,0,0,13,0,0,13,0,0,13,0,2022,25,25025,Boston,2507000,010103,2003,2,250250101032003,25025010103,"Boston-Cambridge-Newton, MA-NH",14460,metropolitan,"Boston-Worcester-Providence, MA-RI-NH-CT",148,"Boston, MA",14454
"100 cummington st., Boston, MA",42.34892,-71.10473,1,range_interpolation,100,"Cummington St",,,Boston,MA,"Suffolk County",02215,US,"TIGER/Line速 dataset from the US Census Bureau",333,81,292,79,0.877,41,36,0.123,37,25,0.127,255,78,0.873,0,13,0,0,13,0,0,13,0,0,13,0,0,13,0,0,13,0,26,32,0.078,307,75,0.922,0,13,0,0,13,0,539800,186940,4,5,0.108,0,13,0,0,13,0,0,13,0,0,13,0,0,13,0,0,13,0,0,13,0,0,13,0,0,13,0,0,13,0,0,13,0,0,13,0,0,13,0,0,13,0,0,13,0,0,13,0,0,13,0,0,13,0,8,14,0.216,3,4,0.081,22,20,0.595,0,13,0,0,13,0,0,13,0,0,13,0,2022,25,25025,Boston,2507000,010103,1006,1,250250101031006,25025010103,"Boston-Cambridge-Newton, MA-NH",14460,metropolitan,"Boston-Worcester-Providence, MA-RI-NH-CT",148,"Boston, MA",14454
"100 ashford street, Boston, MA",42.354607,-71.123671,1,rooftop,100,"Ashford St",,,Allston,MA,"Suffolk County",02134,US,"Office of Geographic Information (MassGIS), Commonwealth of Massachusetts, MassIT",575,136,456,125,0.793,119,85,0.207,0,13,0,456,125,1,0,13,0,0,13,0,82,53,0.143,15,25,0.026,21,25,0.037,38,36,0.066,157,95,0.273,262,94,0.456,0,13,0,0,13,0,0,0,0,13,0,0,13,0,0,13,0,0,13,0,0,13,0,0,13,0,0,13,0,0,13,0,0,13,0,0,13,0,0,13,0,0,13,0,0,13,0,0,13,0,0,13,0,0,13,0,0,13,0,0,13,0,0,13,0,0,13,0,0,13,0,0,13,0,0,13,0,0,13,0,0,13,0,0,13,0,2022,25,25025,Boston,2507000,000805,3000,3,250250008053000,25025000805,"Boston-Cambridge-Newton, MA-NH",14460,metropolitan,"Boston-Worcester-Providence, MA-RI-NH-CT",148,"Boston, MA",14454
"121 bay state rd, Boston, MA",42.350451,-71.09885,1,rooftop,121,"Bay State Rd",,,Boston,MA,"Suffolk County",02215,US,"Office of Geographic Information (MassGIS), Commonwealth of Massachusetts, MassIT",83,39,69,40,0.831,14,23,0.169,0,13,0,69,40,1,0,13,0,0,13,0,7,11,0.084,0,13,0,62,27,0.747,0,13,0,0,13,0,14,23,0.169,0,13,0,0,13,0,0,0,0,13,0,0,13,0,0,13,0,0,13,0,0,13,0,0,13,0,0,13,0,0,13,0,0,13,0,0,13,0,0,13,0,0,13,0,0,13,0,0,13,0,0,13,0,0,13,0,0,13,0,0,13,0,0,13,0,0,13,0,0,13,0,0,13,0,0,13,0,0,13,0,0,13,0,0,13,0,2022,25,25025,Boston,2507000,010103,2001,2,250250101032001,25025010103,"Boston-Cambridge-Newton, MA-NH",14460,metropolitan,"Boston-Worcester-Providence, MA-RI-NH-CT",148,"Boston, MA",14454
"140 bay state rd, Boston, MA",42.350065,-71.099811,1,rooftop,140,"Bay State Rd",,,Boston,MA,"Suffolk County",02215,US,"Office of Geographic Information (MassGIS), Commonwealth of Massachusetts, MassIT",83,39,69,40,0.831,14,23,0.169,0,13,0,69,40,1,0,13,0,0,13,0,7,11,0.084,0,13,0,62,27,0.747,0,13,0,0,13,0,14,23,0.169,0,13,0,0,13,0,0,0,0,13,0,0,13,0,0,13,0,0,13,0,0,13,0,0,13,0,0,13,0,0,13,0,0,13,0,0,13,0,0,13,0,0,13,0,0,13,0,0,13,0,0,13,0,0,13,0,0,13,0,0,13,0,0,13,0,0,13,0,0,13,0,0,13,0,0,13,0,0,13,0,0,13,0,0,13,0,2022,25,25025,Boston,2507000,010103,2004,2,250250101032004,25025010103,"Boston-Cambridge-Newton, MA-NH",14460,metropolitan,"Boston-Worcester-Providence, MA-RI-NH-CT",148,"Boston, MA",14454
"128 bay state rd, Boston, MA",42.350021,-71.099057,1,rooftop,128,"Bay State Rd",,,Boston,MA,"Suffolk County",02215,US,"Office of Geographic Information (MassGIS), Commonwealth of Massachusetts, MassIT",83,39,69,40,0.831,14,23,0.169,0,13,0,69,40,1,0,13,0,0,13,0,7,11,0.084,0,13,0,62,27,0.747,0,13,0,0,13,0,14,23,0.169,0,13,0,0,13,0,0,0,0,13,0,0,13,0,0,13,0,0,13,0,0,13,0,0,13,0,0,13,0,0,13,0,0,13,0,0,13,0,0,13,0,0,13,0,0,13,0,0,13,0,0,13,0,0,13,0,0,13,0,0,13,0,0,13,0,0,13,0,0,13,0,0,13,0,0,13,0,0,13,0,0,13,0,0,13,0,2022,25,25025,Boston,2507000,010103,2004,2,250250101032004,25025010103,"Boston-Cambridge-Newton, MA-NH",14460,metropolitan,"Boston-Worcester-Providence, MA-RI-NH-CT",148,"Boston, MA",14454
"145 baystate rd, Boston, MA",42.350536,-71.099953,1,rooftop,145,"Bay State Rd",,,Boston,MA,"Suffolk County",02215,US,"Office of Geographic Information (MassGIS), Commonwealth of Massachusetts, MassIT",83,39,69,40,0.831,14,23,0.169,0,13,0,69,40,1,0,13,0,0,13,0,7,11,0.084,0,13,0,62,27,0.747,0,13,0,0,13,0,14,23,0.169,0,13,0,0,13,0,0,0,0,13,0,0,13,0,0,13,0,0,13,0,0,13,0,0,13,0,0,13,0,0,13,0,0,13,0,0,13,0,0,13,0,0,13,0,0,13,0,0,13,0,0,13,0,0,13,0,0,13,0,0,13,0,0,13,0,0,13,0,0,13,0,0,13,0,0,13,0,0,13,0,0,13,0,0,13,0,2022,25,25025,Boston,2507000,010103,2001,2,250250101032001,25025010103,"Boston-Cambridge-Newton, MA-NH",14460,metropolitan,"Boston-Worcester-Providence, MA-RI-NH-CT",148,"Boston, MA",14454
"154 bay state rd, Boston, MA",42.350127,-71.100681,1,rooftop,154,"Bay State Rd",,,Boston,MA,"Suffolk County",02215,US,"Office of Geographic Information (MassGIS), Commonwealth of Massachusetts, MassIT",116,54,57,26,0.491,59,51,0.509,0,13,0,57,26,1,0,13,0,0,13,0,0,13,0,6,7,0.052,71,42,0.612,4,6,0.034,27,33,0.233,8,12,0.069,0,13,0,0,13,0,0,0,0,13,0,0,13,0,0,13,0,0,13,0,0,13,0,0,13,0,0,13,0,0,13,0,0,13,0,0,13,0,0,13,0,0,13,0,0,13,0,0,13,0,0,13,0,0,13,0,0,13,0,0,13,0,0,13,0,0,13,0,0,13,0,0,13,0,0,13,0,0,13,0,0,13,0,0,13,0,2022,25,25025,Boston,2507000,010103,3007,3,250250101033007,25025010103,"Boston-Cambridge-Newton, MA-NH",14460,metropolitan,"Boston-Worcester-Providence, MA-RI-NH-CT",148,"Boston, MA",14454
"96 bay state, Boston, MA",42.349867,-71.097311,1,rooftop,96,"Bay State Rd",,,Boston,MA,"Suffolk County",02215,US,"Office of Geographic Information (MassGIS), Commonwealth of Massachusetts, MassIT",505,99,458,94,0.907,47,53,0.093,58,43,0.127,400,94,0.873,0,13,0,0,13,0,8,12,0.016,34,38,0.067,109,45,0.216,223,90,0.442,93,52,0.184,38,28,0.075,0,13,0,0,13,0,597800,186933,8,12,0.138,0,13,0,0,13,0,0,13,0,0,13,0,0,13,0,0,13,0,0,13,0,0,13,0,0,13,0,0,13,0,0,13,0,0,13,0,0,13,0,0,13,0,0,13,0,0,13,0,0,13,0,0,13,0,0,13,0,12,20,0.207,23,35,0.397,8,12,0.138,0,13,0,0,13,0,7,10,0.121,2022,25,25025,Boston,2507000,010104,2007,2,250250101042007,25025010104,"Boston-Cambridge-Newton, MA-NH",14460,metropolitan,"Boston-Worcester-Providence, MA-RI-NH-CT",148,"Boston, MA",14454
"225 bay state rd, Boston, MA",42.350884,-71.103635,1,rooftop,225,"Bay State Rd",,,Boston,MA,"Suffolk County",02215,US,"Office of Geographic Information (MassGIS), Commonwealth of Massachusetts, MassIT",116,54,57,26,0.491,59,51,0.509,0,13,0,57,26,1,0,13,0,0,13,0,0,13,0,6,7,0.052,71,42,0.612,4,6,0.034,27,33,0.233,8,12,0.069,0,13,0,0,13,0,0,0,0,13,0,0,13,0,0,13,0,0,13,0,0,13,0,0,13,0,0,13,0,0,13,0,0,13,0,0,13,0,0,13,0,0,13,0,0,13,0,0,13,0,0,13,0,0,13,0,0,13,0,0,13,0,0,13,0,0,13,0,0,13,0,0,13,0,0,13,0,0,13,0,0,13,0,0,13,0,2022,25,25025,Boston,2507000,010103,3002,3,250250101033002,25025010103,"Boston-Cambridge-Newton, MA-NH",14460,metropolitan,"Boston-Worcester-Providence, MA-RI-NH-CT",148,"Boston, MA",14454
"232 baystate rd, Boston, MA",42.350537,-71.103911,1,rooftop,232,"Bay State Rd",,,Boston,MA,"Suffolk County",02215,US,"Office of Geographic Information (MassGIS), Commonwealth of Massachusetts, MassIT",116,54,57,26,0.491,59,51,0.509,0,13,0,57,26,1,0,13,0,0,13,0,0,13,0,6,7,0.052,71,42,0.612,4,6,0.034,27,33,0.233,8,12,0.069,0,13,0,0,13,0,0,0,0,13,0,0,13,0,0,13,0,0,13,0,0,13,0,0,13,0,0,13,0,0,13,0,0,13,0,0,13,0,0,13,0,0,13,0,0,13,0,0,13,0,0,13,0,0,13,0,0,13,0,0,13,0,0,13,0,0,13,0,0,13,0,0,13,0,0,13,0,0,13,0,0,13,0,0,13,0,2022,25,25025,Boston,2507000,010103,3005,3,250250101033005,25025010103,"Boston-Cambridge-Newton, MA-NH",14460,metropolitan,"Boston-Worcester-Providence, MA-RI-NH-CT",148,"Boston, MA",14454
"27 aberdeen st, Boston, MA",42.345787,-71.103751,1,rooftop,27,"Aberdeen St",,,Boston,MA,"Suffolk County",02215,US,"Office of Geographic Information (MassGIS), Commonwealth of Massachusetts, MassIT",489,102,462,101,0.945,27,42,0.055,36,21,0.078,426,102,0.922,12,19,0.025,0,13,0,0,13,0,0,13,0,62,47,0.127,110,66,0.225,181,72,0.37,124,78,0.254,0,13,0,0,13,0,2000001,0,0,13,0,0,13,0,0,13,0,0,13,0,0,13,0,0,13,0,0,13,0,0,13,0,0,13,0,0,13,0,0,13,0,0,13,0,0,13,0,0,13,0,0,13,0,12,19,0.333,0,13,0,0,13,0,0,13,0,5,9,0.139,0,13,0,0,13,0,0,13,0,0,13,0,0,13,0,19,2,0.528,2022,25,25025,Boston,2507000,010204,3006,3,250250102043006,25025010204,"Boston-Cambridge-Newton, MA-NH",14460,metropolitan,"Boston-Worcester-Providence, MA-RI-NH-CT",148,"Boston, MA",14454
"595 commonwealth ave, Boston, MA",42.349601,-71.099787,1,rooftop,595,"Commonwealth Ave",,,Boston,MA,"Suffolk County",02215,US,"Office of Geographic Information (MassGIS), Commonwealth of Massachusetts, MassIT",83,39,69,40,0.831,14,23,0.169,0,13,0,69,40,1,0,13,0,0,13,0,7,11,0.084,0,13,0,62,27,0.747,0,13,0,0,13,0,14,23,0.169,0,13,0,0,13,0,0,0,0,13,0,0,13,0,0,13,0,0,13,0,0,13,0,0,13,0,0,13,0,0,13,0,0,13,0,0,13,0,0,13,0,0,13,0,0,13,0,0,13,0,0,13,0,0,13,0,0,13,0,0,13,0,0,13,0,0,13,0,0,13,0,0,13,0,0,13,0,0,13,0,0,13,0,0,13,0,2022,25,25025,Boston,2507000,010103,2005,2,250250101032005,25025010103,"Boston-Cambridge-Newton, MA-NH",14460,metropolitan,"Boston-Worcester-Providence, MA-RI-NH-CT",148,"Boston, MA",14454
"621 commonwealth ave, Boston, MA",42.349767,-71.101341,1,rooftop,621,"Commonwealth Ave",,,Boston,MA,"Suffolk County",02215,US,"Office of Geographic Information (MassGIS), Commonwealth of Massachusetts, MassIT",116,54,57,26,0.491,59,51,0.509,0,13,0,57,26,1,0,13,0,0,13,0,0,13,0,6,7,0.052,71,42,0.612,4,6,0.034,27,33,0.233,8,12,0.069,0,13,0,0,13,0,0,0,0,13,0,0,13,0,0,13,0,0,13,0,0,13,0,0,13,0,0,13,0,0,13,0,0,13,0,0,13,0,0,13,0,0,13,0,0,13,0,0,13,0,0,13,0,0,13,0,0,13,0,0,13,0,0,13,0,0,13,0,0,13,0,0,13,0,0,13,0,0,13,0,0,13,0,0,13,0,2022,25,25025,Boston,2507000,010103,3011,3,250250101033011,25025010103,"Boston-Cambridge-Newton, MA-NH",14460,metropolitan,"Boston-Worcester-Providence, MA-RI-NH-CT",148,"Boston, MA",14454
"675 commonwealth ave, Boston, MA",42.350216,-71.105005,1,rooftop,675,"Commonwealth Ave",,,Boston,MA,"Suffolk County",02215,US,"Office of Geographic Information (MassGIS), Commonwealth of Massachusetts, MassIT",116,54,57,26,0.491,59,51,0.509,0,13,0,57,26,1,0,13,0,0,13,0,0,13,0,6,7,0.052,71,42,0.612,4,6,0.034,27,33,0.233,8,12,0.069,0,13,0,0,13,0,0,0,0,13,0,0,13,0,0,13,0,0,13,0,0,13,0,0,13,0,0,13,0,0,13,0,0,13,0,0,13,0,0,13,0,0,13,0,0,13,0,0,13,0,0,13,0,0,13,0,0,13,0,0,13,0,0,13,0,0,13,0,0,13,0,0,13,0,0,13,0,0,13,0,0,13,0,0,13,0,2022,25,25025,Boston,2507000,010103,3005,3,250250101033005,25025010103,"Boston-Cambridge-Newton, MA-NH",14460,metropolitan,"Boston-Worcester-Providence, MA-RI-NH-CT",148,"Boston, MA",14454
"75 bay state, Boston, MA",42.350257,-71.096271,1,rooftop,75,"Bay State Rd",,,Boston,MA,"Suffolk County",02215,US,"Office of Geographic Information (MassGIS), Commonwealth of Massachusetts, MassIT",505,99,458,94,0.907,47,53,0.093,58,43,0.127,400,94,0.873,0,13,0,0,13,0,8,12,0.016,34,38,0.067,109,45,0.216,223,90,0.442,93,52,0.184,38,28,0.075,0,13,0,0,13,0,597800,186933,8,12,0.138,0,13,0,0,13,0,0,13,0,0,13,0,0,13,0,0,13,0,0,13,0,0,13,0,0,13,0,0,13,0,0,13,0,0,13,0,0,13,0,0,13,0,0,13,0,0,13,0,0,13,0,0,13,0,0,13,0,12,20,0.207,23,35,0.397,8,12,0.138,0,13,0,0,13,0,7,10,0.121,2022,25,25025,Boston,2507000,010104,2006,2,250250101042006,25025010104,"Boston-Cambridge-Newton, MA-NH",14460,metropolitan,"Boston-Worcester-Providence, MA-RI-NH-CT",148,"Boston, MA",14454
"771 commonwealth ave, Boston, MA",42.351074,-71.107949,1,rooftop,771,"Commonwealth Ave",,,Boston,MA,"Suffolk County",02215,US,"Office of Geographic Information (MassGIS), Commonwealth of Massachusetts, MassIT",116,54,57,26,0.491,59,51,0.509,0,13,0,57,26,1,0,13,0,0,13,0,0,13,0,6,7,0.052,71,42,0.612,4,6,0.034,27,33,0.233,8,12,0.069,0,13,0,0,13,0,0,0,0,13,0,0,13,0,0,13,0,0,13,0,0,13,0,0,13,0,0,13,0,0,13,0,0,13,0,0,13,0,0,13,0,0,13,0,0,13,0,0,13,0,0,13,0,0,13,0,0,13,0,0,13,0,0,13,0,0,13,0,0,13,0,0,13,0,0,13,0,0,13,0,0,13,0,0,13,0,2022,25,25025,Boston,2507000,010103,3005,3,250250101033005,25025010103,"Boston-Cambridge-Newton, MA-NH",14460,metropolitan,"Boston-Worcester-Providence, MA-RI-NH-CT",148,"Boston, MA",14454
"775 commonwealth ave, Boston, MA",42.350761,-71.109039,1,rooftop,775,"Commonwealth Ave",,,Boston,MA,"Suffolk County",02215,US,"Office of Geographic Information (MassGIS), Commonwealth of Massachusetts, MassIT",116,54,57,26,0.491,59,51,0.509,0,13,0,57,26,1,0,13,0,0,13,0,0,13,0,6,7,0.052,71,42,0.612,4,6,0.034,27,33,0.233,8,12,0.069,0,13,0,0,13,0,0,0,0,13,0,0,13,0,0,13,0,0,13,0,0,13,0,0,13,0,0,13,0,0,13,0,0,13,0,0,13,0,0,13,0,0,13,0,0,13,0,0,13,0,0,13,0,0,13,0,0,13,0,0,13,0,0,13,0,0,13,0,0,13,0,0,13,0,0,13,0,0,13,0,0,13,0,0,13,0,2022,25,25025,Boston,2507000,010103,3005,3,250250101033005,25025010103,"Boston-Cambridge-Newton, MA-NH",14460,metropolitan,"Boston-Worcester-Providence, MA-RI-NH-CT",148,"Boston, MA",14454
"890 commonwealth ave, Boston, MA",42.350497,-71.115633,1,rooftop,890,"Commonwealth Ave",,,Boston,MA,"Norfolk County",02215,US,"City of Brookline",789,154,789,154,1,0,13,0,349,116,0.442,440,140,0.558,108,73,0.137,0,13,0,39,50,0.049,89,70,0.113,182,84,0.231,192,91,0.243,179,103,0.227,0,13,0,0,13,0,0,13,0,958600,104167,0,13,0,0,13,0,0,13,0,0,13,0,0,13,0,0,13,0,0,13,0,0,13,0,0,13,0,0,13,0,0,13,0,0,13,0,0,13,0,0,13,0,0,13,0,0,13,0,0,13,0,0,13,0,0,13,0,0,13,0,0,13,0,41,36,0.117,160,97,0.458,106,81,0.304,0,13,0,42,34,0.12,2022,25,25021,Brookline,2509210,400100,5002,5,250214001005002,25021400100,"Boston-Cambridge-Newton, MA-NH",14460,metropolitan,"Boston-Worcester-Providence, MA-RI-NH-CT",148,"Boston, MA",14454
"91 bay state rd, Boston, MA",42.350347,-71.097001,1,rooftop,91,"Bay State Rd",,,Boston,MA,"Suffolk County",02215,US,"Office of Geographic Information (MassGIS), Commonwealth of Massachusetts, MassIT",505,99,458,94,0.907,47,53,0.093,58,43,0.127,400,94,0.873,0,13,0,0,13,0,8,12,0.016,34,38,0.067,109,45,0.216,223,90,0.442,93,52,0.184,38,28,0.075,0,13,0,0,13,0,597800,186933,8,12,0.138,0,13,0,0,13,0,0,13,0,0,13,0,0,13,0,0,13,0,0,13,0,0,13,0,0,13,0,0,13,0,0,13,0,0,13,0,0,13,0,0,13,0,0,13,0,0,13,0,0,13,0,0,13,0,0,13,0,12,20,0.207,23,35,0.397,8,12,0.138,0,13,0,0,13,0,7,10,0.121,2022,25,25025,Boston,2507000,010104,2006,2,250250101042006,25025010104,"Boston-Cambridge-Newton, MA-NH",14460,metropolitan,"Boston-Worcester-Providence, MA-RI-NH-CT",148,"Boston, MA",14454
"15 stoughton street, Boston, MA",42.336996,-71.072315,1,rooftop,15,"Stoughton St",,,Boston,MA,"Suffolk County",02118,US,"Office of Geographic Information (MassGIS), Commonwealth of Massachusetts, MassIT",424,144,339,151,0.8,85,72,0.2,152,105,0.448,187,133,0.552,0,13,0,0,13,0,42,65,0.099,167,120,0.394,0,13,0,24,39,0.057,64,80,0.151,127,80,0.3,0,13,0,0,13,0,0,0,0,13,0,0,13,0,0,13,0,0,13,0,0,13,0,0,13,0,0,13,0,0,13,0,0,13,0,0,13,0,0,13,0,0,13,0,0,13,0,0,13,0,0,13,0,0,13,0,0,13,0,0,13,0,74,74,0.487,0,13,0,0,13,0,16,24,0.105,46,77,0.303,16,25,0.105,0,13,0,0,13,0,2022,25,25025,Boston,2507000,071101,4003,4,250250711014003,25025071101,"Boston-Cambridge-Newton, MA-NH",14460,metropolitan,"Boston-Worcester-Providence, MA-RI-NH-CT",148,"Boston, MA",14454
"700 albany street, Boston, MA",42.335497,-71.070211,1,rooftop,700,"Albany St",,,Boston,MA,"Suffolk County",02118,US,"Office of Geographic Information (MassGIS), Commonwealth of Massachusetts, MassIT",642,192,531,172,0.827,111,117,0.173,266,155,0.501,265,81,0.499,0,13,0,18,30,0.028,0,13,0,319,161,0.497,259,134,0.403,16,26,0.025,0,13,0,30,32,0.047,0,13,0,0,13,0,1210400,661577,0,13,0,0,13,0,0,13,0,0,13,0,0,13,0,0,13,0,0,13,0,0,13,0,0,13,0,0,13,0,0,13,0,0,13,0,0,13,0,0,13,0,0,13,0,0,13,0,0,13,0,0,13,0,0,13,0,0,13,0,0,13,0,34,42,0.128,30,34,0.113,82,92,0.308,50,47,0.188,70,116,0.263,2022,25,25025,Boston,2507000,071101,1000,1,250250711011000,25025071101,"Boston-Cambridge-Newton, MA-NH",14460,metropolitan,"Boston-Worcester-Providence, MA-RI-NH-CT",148,"Boston, MA",14454
"10 lenox st., Boston, MA",42.335257,-71.079461,1,rooftop,10,"Lenox St",,,Boston,MA,"Suffolk County",02118,US,"Office of Geographic Information (MassGIS), Commonwealth of Massachusetts, MassIT",1079,226,985,234,0.913,94,70,0.087,0,13,0,985,234,1,0,13,0,33,30,0.031,29,33,0.027,305,129,0.283,276,193,0.256,271,101,0.251,9,17,0.008,156,85,0.145,0,13,0,0,13,0,0,0,0,13,0,0,13,0,0,13,0,0,13,0,0,13,0,0,13,0,0,13,0,0,13,0,0,13,0,0,13,0,0,13,0,0,13,0,0,13,0,0,13,0,0,13,0,0,13,0,0,13,0,0,13,0,0,13,0,0,13,0,0,13,0,0,13,0,0,13,0,0,13,0,0,13,0,0,13,0,2022,25,25025,Boston,2507000,080500,2003,2,250250805002003,25025080500,"Boston-Cambridge-Newton, MA-NH",14460,metropolitan,"Boston-Worcester-Providence, MA-RI-NH-CT",148,"Boston, MA",14454
"141 carlton st, Boston, MA",42.348595,-71.108697,0.9,rooftop,141,"Carlton St",,,Brookline,MA,"Norfolk County",02446,US,"City of Brookline",249,116,197,96,0.791,52,82,0.209,74,67,0.376,123,92,0.624,8,13,0.032,0,13,0,35,33,0.141,142,90,0.57,64,74,0.257,0,13,0,0,13,0,0,13,0,0,13,0,0,13,0,0,0,0,13,0,0,13,0,0,13,0,0,13,0,0,13,0,0,13,0,0,13,0,0,13,0,0,13,0,0,13,0,0,13,0,0,13,0,0,13,0,0,13,0,0,13,0,0,13,0,0,13,0,0,13,0,0,13,0,0,13,0,18,32,0.243,0,13,0,56,63,0.757,0,13,0,0,13,0,0,13,0,2022,25,25021,Brookline,2509210,400100,4007,4,250214001004007,25021400100,"Boston-Cambridge-Newton, MA-NH",14460,metropolitan,"Boston-Worcester-Providence, MA-RI-NH-CT",148,"Boston, MA",14454
"519 beacon st, Boston, MA",42.350415,-71.090498,1,range_interpolation,519,"Beacon St",,,Boston,MA,"Suffolk County",02215,US,"TIGER/Line速 dataset from the US Census Bureau",805,141,638,149,0.793,167,92,0.207,192,67,0.301,446,136,0.699,31,27,0.039,21,33,0.026,0,13,0,28,19,0.035,163,87,0.202,137,103,0.17,140,55,0.174,285,109,0.354,0,13,0,0,13,0,913000,117185,0,13,0,0,13,0,0,13,0,0,13,0,0,13,0,0,13,0,0,13,0,0,13,0,0,13,0,0,13,0,0,13,0,0,13,0,0,13,0,0,13,0,0,13,0,0,13,0,0,13,0,14,19,0.073,0,13,0,8,12,0.042,14,21,0.073,15,17,0.078,69,50,0.359,40,31,0.208,0,13,0,32,25,0.167,2022,25,25025,Boston,2507000,010104,1000,1,250250101041000,25025010104,"Boston-Cambridge-Newton, MA-NH",14460,metropolitan,"Boston-Worcester-Providence, MA-RI-NH-CT",148,"Boston, MA",14454
"712 beacon street, Boston, MA",42.348511,-71.099466,1,rooftop,712,"Beacon St",,,Boston,MA,"Suffolk County",02215,US,"Office of Geographic Information (MassGIS), Commonwealth of Massachusetts, MassIT",333,81,292,79,0.877,41,36,0.123,37,25,0.127,255,78,0.873,0,13,0,0,13,0,0,13,0,0,13,0,0,13,0,0,13,0,26,32,0.078,307,75,0.922,0,13,0,0,13,0,539800,186940,4,5,0.108,0,13,0,0,13,0,0,13,0,0,13,0,0,13,0,0,13,0,0,13,0,0,13,0,0,13,0,0,13,0,0,13,0,0,13,0,0,13,0,0,13,0,0,13,0,0,13,0,0,13,0,0,13,0,8,14,0.216,3,4,0.081,22,20,0.595,0,13,0,0,13,0,0,13,0,0,13,0,2022,25,25025,Boston,2507000,010103,1002,1,250250101031002,25025010103,"Boston-Cambridge-Newton, MA-NH",14460,metropolitan,"Boston-Worcester-Providence, MA-RI-NH-CT",148,"Boston, MA",14454
"845 beacon st, Boston, MA",42.346222,-71.105702,1,range_interpolation,845,"Beacon St",,,Boston,MA,"Suffolk County",02215,US,"TIGER/Line速 dataset from the US Census Bureau",502,126,387,105,0.771,115,79,0.229,133,49,0.344,254,100,0.656,15,22,0.03,0,13,0,0,13,0,27,24,0.054,282,124,0.562,87,46,0.173,91,57,0.181,0,13,0,0,13,0,0,13,0,431400,52213,0,13,0,0,13,0,0,13,0,0,13,0,0,13,0,0,13,0,0,13,0,0,13,0,0,13,0,0,13,0,0,13,0,0,13,0,0,13,0,0,13,0,0,13,0,0,13,0,0,13,0,0,13,0,18,30,0.135,30,40,0.226,59,31,0.444,15,22,0.113,6,9,0.045,5,9,0.038,0,13,0,0,13,0,2022,25,25025,Boston,2507000,010204,2007,2,250250102042007,25025010204,"Boston-Cambridge-Newton, MA-NH",14460,metropolitan,"Boston-Worcester-Providence, MA-RI-NH-CT",148,"Boston, MA",14454
"867 beacon st, Boston, MA",42.346637,-71.104101,1,rooftop,867,"Beacon St",,,Boston,MA,"Suffolk County",02215,US,"Office of Geographic Information (MassGIS), Commonwealth of Massachusetts, MassIT",489,102,462,101,0.945,27,42,0.055,36,21,0.078,426,102,0.922,12,19,0.025,0,13,0,0,13,0,0,13,0,62,47,0.127,110,66,0.225,181,72,0.37,124,78,0.254,0,13,0,0,13,0,2000001,0,0,13,0,0,13,0,0,13,0,0,13,0,0,13,0,0,13,0,0,13,0,0,13,0,0,13,0,0,13,0,0,13,0,0,13,0,0,13,0,0,13,0,0,13,0,12,19,0.333,0,13,0,0,13,0,0,13,0,5,9,0.139,0,13,0,0,13,0,0,13,0,0,13,0,0,13,0,19,2,0.528,2022,25,25025,Boston,2507000,010204,3006,3,250250102043006,25025010204,"Boston-Cambridge-Newton, MA-NH",14460,metropolitan,"Boston-Worcester-Providence, MA-RI-NH-CT",148,"Boston, MA",14454
"110 cummington mall, Boston, MA",42.349097,-71.105459,1,rooftop,110,"Cummington Mall",,,Boston,MA,"Suffolk County",02215,US,"Office of Geographic Information (MassGIS), Commonwealth of Massachusetts, MassIT",333,81,292,79,0.877,41,36,0.123,37,25,0.127,255,78,0.873,0,13,0,0,13,0,0,13,0,0,13,0,0,13,0,0,13,0,26,32,0.078,307,75,0.922,0,13,0,0,13,0,539800,186940,4,5,0.108,0,13,0,0,13,0,0,13,0,0,13,0,0,13,0,0,13,0,0,13,0,0,13,0,0,13,0,0,13,0,0,13,0,0,13,0,0,13,0,0,13,0,0,13,0,0,13,0,0,13,0,0,13,0,8,14,0.216,3,4,0.081,22,20,0.595,0,13,0,0,13,0,0,13,0,0,13,0,2022,25,25025,Boston,2507000,010103,1006,1,250250101031006,25025010103,"Boston-Cambridge-Newton, MA-NH",14460,metropolitan,"Boston-Worcester-Providence, MA-RI-NH-CT",148,"Boston, MA",14454
"111 cummington mall, Boston, MA",42.349018,-71.103536,1,rooftop,111,"Cummington Mall",,,Boston,MA,"Suffolk County",02215,US,"Office of Geographic Information (MassGIS), Commonwealth of Massachusetts, MassIT",333,81,292,79,0.877,41,36,0.123,37,25,0.127,255,78,0.873,0,13,0,0,13,0,0,13,0,0,13,0,0,13,0,0,13,0,26,32,0.078,307,75,0.922,0,13,0,0,13,0,539800,186940,4,5,0.108,0,13,0,0,13,0,0,13,0,0,13,0,0,13,0,0,13,0,0,13,0,0,13,0,0,13,0,0,13,0,0,13,0,0,13,0,0,13,0,0,13,0,0,13,0,0,13,0,0,13,0,0,13,0,8,14,0.216,3,4,0.081,22,20,0.595,0,13,0,0,13,0,0,13,0,0,13,0,2022,25,25025,Boston,2507000,010103,1005,1,250250101031005,25025010103,"Boston-Cambridge-Newton, MA-NH",14460,metropolitan,"Boston-Worcester-Providence, MA-RI-NH-CT",148,"Boston, MA",14454
"2 blanford mall, Boston, MA",42.344793,-71.15128,1,range_interpolation,2,"Blenford Rd",,,Brighton,MA,"Suffolk County",02135,US,"TIGER/Line速 dataset from the US Census Bureau",451,195,451,195,1,0,13,0,99,63,0.22,352,196,0.78,40,42,0.089,19,34,0.042,108,55,0.239,171,154,0.379,0,13,0,14,22,0.031,99,112,0.22,0,13,0,0,13,0,0,13,0,628500,260157,0,13,0,0,13,0,0,13,0,0,13,0,0,13,0,0,13,0,0,13,0,0,13,0,0,13,0,0,13,0,0,13,0,0,13,0,0,13,0,0,13,0,0,13,0,0,13,0,0,13,0,0,13,0,0,13,0,31,40,0.313,0,13,0,36,36,0.364,32,36,0.323,0,13,0,0,13,0,0,13,0,2022,25,25025,Boston,2507000,000401,3005,3,250250004013005,25025000401,"Boston-Cambridge-Newton, MA-NH",14460,metropolitan,"Boston-Worcester-Providence, MA-RI-NH-CT",148,"Boston, MA",14454
"22 babbit st, Boston, MA",42.349199,-71.106086,1,rooftop,22,"Babbitt St",,,Boston,MA,"Suffolk County",02215,US,"Office of Geographic Information (MassGIS), Commonwealth of Massachusetts, MassIT",333,81,292,79,0.877,41,36,0.123,37,25,0.127,255,78,0.873,0,13,0,0,13,0,0,13,0,0,13,0,0,13,0,0,13,0,26,32,0.078,307,75,0.922,0,13,0,0,13,0,539800,186940,4,5,0.108,0,13,0,0,13,0,0,13,0,0,13,0,0,13,0,0,13,0,0,13,0,0,13,0,0,13,0,0,13,0,0,13,0,0,13,0,0,13,0,0,13,0,0,13,0,0,13,0,0,13,0,0,13,0,8,14,0.216,3,4,0.081,22,20,0.595,0,13,0,0,13,0,0,13,0,0,13,0,2022,25,25025,Boston,2507000,010103,1006,1,250250101031006,25025010103,"Boston-Cambridge-Newton, MA-NH",14460,metropolitan,"Boston-Worcester-Providence, MA-RI-NH-CT",148,"Boston, MA",14454
"610 commonwealth ave, Boston, MA",42.349061,-71.101517,1,rooftop,610,"Commonwealth Ave",,,Boston,MA,"Suffolk County",02215,US,"Office of Geographic Information (MassGIS), Commonwealth of Massachusetts, MassIT",333,81,292,79,0.877,41,36,0.123,37,25,0.127,255,78,0.873,0,13,0,0,13,0,0,13,0,0,13,0,0,13,0,0,13,0,26,32,0.078,307,75,0.922,0,13,0,0,13,0,539800,186940,4,5,0.108,0,13,0,0,13,0,0,13,0,0,13,0,0,13,0,0,13,0,0,13,0,0,13,0,0,13,0,0,13,0,0,13,0,0,13,0,0,13,0,0,13,0,0,13,0,0,13,0,0,13,0,0,13,0,8,14,0.216,3,4,0.081,22,20,0.595,0,13,0,0,13,0,0,13,0,0,13,0,2022,25,25025,Boston,2507000,010103,1004,1,250250101031004,25025010103,"Boston-Cambridge-Newton, MA-NH",14460,metropolitan,"Boston-Worcester-Providence, MA-RI-NH-CT",148,"Boston, MA",14454
"704 commonwealth ave, Boston, MA",42.34954,-71.105272,1,rooftop,704,"Commonwealth Ave",,,Boston,MA,"Suffolk County",02215,US,"Office of Geographic Information (MassGIS), Commonwealth of Massachusetts, MassIT",116,54,57,26,0.491,59,51,0.509,0,13,0,57,26,1,0,13,0,0,13,0,0,13,0,6,7,0.052,71,42,0.612,4,6,0.034,27,33,0.233,8,12,0.069,0,13,0,0,13,0,0,0,0,13,0,0,13,0,0,13,0,0,13,0,0,13,0,0,13,0,0,13,0,0,13,0,0,13,0,0,13,0,0,13,0,0,13,0,0,13,0,0,13,0,0,13,0,0,13,0,0,13,0,0,13,0,0,13,0,0,13,0,0,13,0,0,13,0,0,13,0,0,13,0,0,13,0,0,13,0,2022,25,25025,Boston,2507000,010103,3010,3,250250101033010,25025010103,"Boston-Cambridge-Newton, MA-NH",14460,metropolitan,"Boston-Worcester-Providence, MA-RI-NH-CT",148,"Boston, MA",14454
"718 commonwealth ave, Boston, MA",42.349569,-71.105791,1,rooftop,718,"Commonwealth Ave",,,Boston,MA,"Suffolk County",02215,US,"Office of Geographic Information (MassGIS), Commonwealth of Massachusetts, MassIT",116,54,57,26,0.491,59,51,0.509,0,13,0,57,26,1,0,13,0,0,13,0,0,13,0,6,7,0.052,71,42,0.612,4,6,0.034,27,33,0.233,8,12,0.069,0,13,0,0,13,0,0,0,0,13,0,0,13,0,0,13,0,0,13,0,0,13,0,0,13,0,0,13,0,0,13,0,0,13,0,0,13,0,0,13,0,0,13,0,0,13,0,0,13,0,0,13,0,0,13,0,0,13,0,0,13,0,0,13,0,0,13,0,0,13,0,0,13,0,0,13,0,0,13,0,0,13,0,0,13,0,2022,25,25025,Boston,2507000,010103,3010,3,250250101033010,25025010103,"Boston-Cambridge-Newton, MA-NH",14460,metropolitan,"Boston-Worcester-Providence, MA-RI-NH-CT",148,"Boston, MA",14454
"730 commonwealth ave, Boston, MA",42.349735,-71.106906,1,rooftop,730,"Commonwealth Ave",,,Boston,MA,"Norfolk County",02215,US,"City of Brookline",249,116,197,96,0.791,52,82,0.209,74,67,0.376,123,92,0.624,8,13,0.032,0,13,0,35,33,0.141,142,90,0.57,64,74,0.257,0,13,0,0,13,0,0,13,0,0,13,0,0,13,0,0,0,0,13,0,0,13,0,0,13,0,0,13,0,0,13,0,0,13,0,0,13,0,0,13,0,0,13,0,0,13,0,0,13,0,0,13,0,0,13,0,0,13,0,0,13,0,0,13,0,0,13,0,0,13,0,0,13,0,0,13,0,18,32,0.243,0,13,0,56,63,0.757,0,13,0,0,13,0,0,13,0,2022,25,25021,Brookline,2509210,400100,4000,4,250214001004000,25021400100,"Boston-Cambridge-Newton, MA-NH",14460,metropolitan,"Boston-Worcester-Providence, MA-RI-NH-CT",148,"Boston, MA",14454
"2 silber way, Boston, MA",42.349707,-71.100681,1,rooftop,2,"Silber Way",,,Boston,MA,"Suffolk County",02215,US,"Office of Geographic Information (MassGIS), Commonwealth of Massachusetts, MassIT",116,54,57,26,0.491,59,51,0.509,0,13,0,57,26,1,0,13,0,0,13,0,0,13,0,6,7,0.052,71,42,0.612,4,6,0.034,27,33,0.233,8,12,0.069,0,13,0,0,13,0,0,0,0,13,0,0,13,0,0,13,0,0,13,0,0,13,0,0,13,0,0,13,0,0,13,0,0,13,0,0,13,0,0,13,0,0,13,0,0,13,0,0,13,0,0,13,0,0,13,0,0,13,0,0,13,0,0,13,0,0,13,0,0,13,0,0,13,0,0,13,0,0,13,0,0,13,0,0,13,0,2022,25,25025,Boston,2507000,010103,3011,3,250250101033011,25025010103,"Boston-Cambridge-Newton, MA-NH",14460,metropolitan,"Boston-Worcester-Providence, MA-RI-NH-CT",148,"Boston, MA",14454
"30 bay state rd ( 610 beacon), Boston, MA",42.349787,-71.094391,1,rooftop,30,"Bay State Rd",,,Boston,MA,"Suffolk County",02215,US,"Office of Geographic Information (MassGIS), Commonwealth of Massachusetts, MassIT",505,99,458,94,0.907,47,53,0.093,58,43,0.127,400,94,0.873,0,13,0,0,13,0,8,12,0.016,34,38,0.067,109,45,0.216,223,90,0.442,93,52,0.184,38,28,0.075,0,13,0,0,13,0,597800,186933,8,12,0.138,0,13,0,0,13,0,0,13,0,0,13,0,0,13,0,0,13,0,0,13,0,0,13,0,0,13,0,0,13,0,0,13,0,0,13,0,0,13,0,0,13,0,0,13,0,0,13,0,0,13,0,0,13,0,0,13,0,12,20,0.207,23,35,0.397,8,12,0.138,0,13,0,0,13,0,7,10,0.121,2022,25,25025,Boston,2507000,010104,2011,2,250250101042011,25025010104,"Boston-Cambridge-Newton, MA-NH",14460,metropolitan,"Boston-Worcester-Providence, MA-RI-NH-CT",148,"Boston, MA",14454
"735 commonwealth ave, Boston, MA",42.350682,-71.106426,1,rooftop,735,"Commonwealth Ave",,,Boston,MA,"Suffolk County",02215,US,"Office of Geographic Information (MassGIS), Commonwealth of Massachusetts, MassIT",116,54,57,26,0.491,59,51,0.509,0,13,0,57,26,1,0,13,0,0,13,0,0,13,0,6,7,0.052,71,42,0.612,4,6,0.034,27,33,0.233,8,12,0.069,0,13,0,0,13,0,0,0,0,13,0,0,13,0,0,13,0,0,13,0,0,13,0,0,13,0,0,13,0,0,13,0,0,13,0,0,13,0,0,13,0,0,13,0,0,13,0,0,13,0,0,13,0,0,13,0,0,13,0,0,13,0,0,13,0,0,13,0,0,13,0,0,13,0,0,13,0,0,13,0,0,13,0,0,13,0,2022,25,25025,Boston,2507000,010103,3005,3,250250101033005,25025010103,"Boston-Cambridge-Newton, MA-NH",14460,metropolitan,"Boston-Worcester-Providence, MA-RI-NH-CT",148,"Boston, MA",14454
"765 commonwealth ave, Boston, MA",42.351075,-71.107141,1,rooftop,765,"Commonwealth Ave",,,Boston,MA,"Suffolk County",02215,US,"Office of Geographic Information (MassGIS), Commonwealth of Massachusetts, MassIT",116,54,57,26,0.491,59,51,0.509,0,13,0,57,26,1,0,13,0,0,13,0,0,13,0,6,7,0.052,71,42,0.612,4,6,0.034,27,33,0.233,8,12,0.069,0,13,0,0,13,0,0,0,0,13,0,0,13,0,0,13,0,0,13,0,0,13,0,0,13,0,0,13,0,0,13,0,0,13,0,0,13,0,0,13,0,0,13,0,0,13,0,0,13,0,0,13,0,0,13,0,0,13,0,0,13,0,0,13,0,0,13,0,0,13,0,0,13,0,0,13,0,0,13,0,0,13,0,0,13,0,2022,25,25025,Boston,2507000,010103,3005,3,250250101033005,25025010103,"Boston-Cambridge-Newton, MA-NH",14460,metropolitan,"Boston-Worcester-Providence, MA-RI-NH-CT",148,"Boston, MA",14454
"179 amory st, Boston, MA",42.317726,-71.102977,0.9,rooftop,179,"Amory St",,,"Jamaica Plain",MA,"Suffolk County",02130,US,"Office of Geographic Information (MassGIS), Commonwealth of Massachusetts, MassIT",510,133,442,127,0.867,68,51,0.133,105,66,0.238,337,127,0.762,22,36,0.043,35,41,0.069,43,49,0.084,318,113,0.624,92,79,0.18,0,13,0,0,13,0,0,13,0,0,13,0,0,13,0,715200,145232,0,13,0,0,13,0,0,13,0,0,13,0,0,13,0,0,13,0,0,13,0,0,13,0,0,13,0,0,13,0,0,13,0,0,13,0,0,13,0,0,13,0,0,13,0,0,13,0,0,13,0,0,13,0,0,13,0,0,13,0,0,13,0,61,57,0.581,34,41,0.324,10,15,0.095,0,13,0,0,13,0,2022,25,25025,Boston,2507000,120301,1000,1,250251203011000,25025120301,"Boston-Cambridge-Newton, MA-NH",14460,metropolitan,"Boston-Worcester-Providence, MA-RI-NH-CT",148,"Boston, MA",14454
"24 cummington mall, Boston, MA",42.348363,-71.101769,1,rooftop,24,"Cummington Mall",,,Boston,MA,"Suffolk County",02215,US,"Office of Geographic Information (MassGIS), Commonwealth of Massachusetts, MassIT",333,81,292,79,0.877,41,36,0.123,37,25,0.127,255,78,0.873,0,13,0,0,13,0,0,13,0,0,13,0,0,13,0,0,13,0,26,32,0.078,307,75,0.922,0,13,0,0,13,0,539800,186940,4,5,0.108,0,13,0,0,13,0,0,13,0,0,13,0,0,13,0,0,13,0,0,13,0,0,13,0,0,13,0,0,13,0,0,13,0,0,13,0,0,13,0,0,13,0,0,13,0,0,13,0,0,13,0,0,13,0,8,14,0.216,3,4,0.081,22,20,0.595,0,13,0,0,13,0,0,13,0,0,13,0,2022,25,25025,Boston,2507000,010103,1006,1,250250101031006,25025010103,"Boston-Cambridge-Newton, MA-NH",14460,metropolitan,"Boston-Worcester-Providence, MA-RI-NH-CT",148,"Boston, MA",14454
"915 commonwealth ave, Boston, MA",42.351778,-71.116793,1,rooftop,915,"Commonwealth Ave",,,Boston,MA,"Suffolk County",02215,US,"Office of Geographic Information (MassGIS), Commonwealth of Massachusetts, MassIT",0,13,0,13,0,0,13,0,0,13,0,0,13,0,0,13,0,0,13,0,0,13,0,0,13,0,0,13,0,0,13,0,0,13,0,0,13,0,0,13,0,0,13,0,0,0,0,13,0,0,13,0,0,13,0,0,13,0,0,13,0,0,13,0,0,13,0,0,13,0,0,13,0,0,13,0,0,13,0,0,13,0,0,13,0,0,13,0,0,13,0,0,13,0,0,13,0,0,13,0,0,13,0,0,13,0,0,13,0,0,13,0,0,13,0,0,13,0,0,13,0,0,13,0,2022,25,25025,Boston,2507000,000807,1006,1,250250008071006,25025000807,"Boston-Cambridge-Newton, MA-NH",14460,metropolitan,"Boston-Worcester-Providence, MA-RI-NH-CT",148,"Boston, MA",14454
"925 commonwealth ave, Boston, MA",42.352184,-71.117682,1,rooftop,925,"Commonwealth Ave",,,Boston,MA,"Suffolk County",02215,US,"Office of Geographic Information (MassGIS), Commonwealth of Massachusetts, MassIT",0,13,0,13,0,0,13,0,0,13,0,0,13,0,0,13,0,0,13,0,0,13,0,0,13,0,0,13,0,0,13,0,0,13,0,0,13,0,0,13,0,0,13,0,0,0,0,13,0,0,13,0,0,13,0,0,13,0,0,13,0,0,13,0,0,13,0,0,13,0,0,13,0,0,13,0,0,13,0,0,13,0,0,13,0,0,13,0,0,13,0,0,13,0,0,13,0,0,13,0,0,13,0,0,13,0,0,13,0,0,13,0,0,13,0,0,13,0,0,13,0,0,13,0,2022,25,25025,Boston,2507000,000807,1006,1,250250008071006,25025000807,"Boston-Cambridge-Newton, MA-NH",14460,metropolitan,"Boston-Worcester-Providence, MA-RI-NH-CT",148,"Boston, MA",14454
"949 commonwealth ave, Boston, MA",42.351905,-71.11871,1,rooftop,949,"Commonwealth Ave",,,Boston,MA,"Suffolk County",02215,US,"Office of Geographic Information (MassGIS), Commonwealth of Massachusetts, MassIT",0,13,0,13,0,0,13,0,0,13,0,0,13,0,0,13,0,0,13,0,0,13,0,0,13,0,0,13,0,0,13,0,0,13,0,0,13,0,0,13,0,0,13,0,0,0,0,13,0,0,13,0,0,13,0,0,13,0,0,13,0,0,13,0,0,13,0,0,13,0,0,13,0,0,13,0,0,13,0,0,13,0,0,13,0,0,13,0,0,13,0,0,13,0,0,13,0,0,13,0,0,13,0,0,13,0,0,13,0,0,13,0,0,13,0,0,13,0,0,13,0,0,13,0,2022,25,25025,Boston,2507000,000807,1005,1,250250008071005,25025000807,"Boston-Cambridge-Newton, MA-NH",14460,metropolitan,"Boston-Worcester-Providence, MA-RI-NH-CT",148,"Boston, MA",14454
"1053 beacon st, Boston, MA",42.345154,-71.10909,0.9,rooftop,1053,"Beacon St",,,Brookline,MA,"Norfolk County",02446,US,"City of Brookline",712,207,612,202,0.86,100,112,0.14,156,81,0.255,456,199,0.745,0,13,0,58,42,0.081,0,13,0,177,152,0.249,154,119,0.216,30,39,0.042,63,89,0.088,230,136,0.323,0,13,0,0,13,0,1125000,853093,0,13,0,0,13,0,0,13,0,0,13,0,0,13,0,0,13,0,0,13,0,0,13,0,0,13,0,0,13,0,0,13,0,0,13,0,0,13,0,0,13,0,0,13,0,0,13,0,0,13,0,0,13,0,0,13,0,0,13,0,0,13,0,27,30,0.173,31,52,0.199,40,61,0.256,12,19,0.077,46,46,0.295,2022,25,25021,Brookline,2509210,400100,2001,2,250214001002001,25021400100,"Boston-Cambridge-Newton, MA-NH",14460,metropolitan,"Boston-Worcester-Providence, MA-RI-NH-CT",148,"Boston, MA",14454
"580 commonwealth ave, Boston, MA",42.348819,-71.099524,1,rooftop,580,"Commonwealth Ave",,,Boston,MA,"Suffolk County",02215,US,"Office of Geographic Information (MassGIS), Commonwealth of Massachusetts, MassIT",333,81,292,79,0.877,41,36,0.123,37,25,0.127,255,78,0.873,0,13,0,0,13,0,0,13,0,0,13,0,0,13,0,0,13,0,26,32,0.078,307,75,0.922,0,13,0,0,13,0,539800,186940,4,5,0.108,0,13,0,0,13,0,0,13,0,0,13,0,0,13,0,0,13,0,0,13,0,0,13,0,0,13,0,0,13,0,0,13,0,0,13,0,0,13,0,0,13,0,0,13,0,0,13,0,0,13,0,0,13,0,8,14,0.216,3,4,0.081,22,20,0.595,0,13,0,0,13,0,0,13,0,0,13,0,2022,25,25025,Boston,2507000,010103,1002,1,250250101031002,25025010103,"Boston-Cambridge-Newton, MA-NH",14460,metropolitan,"Boston-Worcester-Providence, MA-RI-NH-CT",148,"Boston, MA",14454
"808 commonwealth ave, Boston, MA",42.350337,-71.111609,1,rooftop,808,"Commonwealth Ave",,,Boston,MA,"Norfolk County",02215,US,"City of Brookline",789,154,789,154,1,0,13,0,349,116,0.442,440,140,0.558,108,73,0.137,0,13,0,39,50,0.049,89,70,0.113,182,84,0.231,192,91,0.243,179,103,0.227,0,13,0,0,13,0,0,13,0,958600,104167,0,13,0,0,13,0,0,13,0,0,13,0,0,13,0,0,13,0,0,13,0,0,13,0,0,13,0,0,13,0,0,13,0,0,13,0,0,13,0,0,13,0,0,13,0,0,13,0,0,13,0,0,13,0,0,13,0,0,13,0,0,13,0,41,36,0.117,160,97,0.458,106,81,0.304,0,13,0,42,34,0.12,2022,25,25021,Brookline,2509210,400100,5000,5,250214001005000,25021400100,"Boston-Cambridge-Newton, MA-NH",14460,metropolitan,"Boston-Worcester-Providence, MA-RI-NH-CT",148,"Boston, MA",14454
"3 cummington st, Boston, MA",42.348496,-71.100758,1,range_interpolation,3,"Cummington St",,,Boston,MA,"Suffolk County",02215,US,"TIGER/Line速 dataset from the US Census Bureau",333,81,292,79,0.877,41,36,0.123,37,25,0.127,255,78,0.873,0,13,0,0,13,0,0,13,0,0,13,0,0,13,0,0,13,0,26,32,0.078,307,75,0.922,0,13,0,0,13,0,539800,186940,4,5,0.108,0,13,0,0,13,0,0,13,0,0,13,0,0,13,0,0,13,0,0,13,0,0,13,0,0,13,0,0,13,0,0,13,0,0,13,0,0,13,0,0,13,0,0,13,0,0,13,0,0,13,0,0,13,0,8,14,0.216,3,4,0.081,22,20,0.595,0,13,0,0,13,0,0,13,0,0,13,0,2022,25,25025,Boston,2507000,010103,1004,1,250250101031004,25025010103,"Boston-Cambridge-Newton, MA-NH",14460,metropolitan,"Boston-Worcester-Providence, MA-RI-NH-CT",148,"Boston, MA",14454
"38 cummington st., Boston, MA",42.348699,-71.103574,1,range_interpolation,38,"Cummington St",,,Boston,MA,"Suffolk County",02215,US,"TIGER/Line速 dataset from the US Census Bureau",333,81,292,79,0.877,41,36,0.123,37,25,0.127,255,78,0.873,0,13,0,0,13,0,0,13,0,0,13,0,0,13,0,0,13,0,26,32,0.078,307,75,0.922,0,13,0,0,13,0,539800,186940,4,5,0.108,0,13,0,0,13,0,0,13,0,0,13,0,0,13,0,0,13,0,0,13,0,0,13,0,0,13,0,0,13,0,0,13,0,0,13,0,0,13,0,0,13,0,0,13,0,0,13,0,0,13,0,0,13,0,8,14,0.216,3,4,0.081,22,20,0.595,0,13,0,0,13,0,0,13,0,0,13,0,2022,25,25025,Boston,2507000,010103,1006,1,250250101031006,25025010103,"Boston-Cambridge-Newton, MA-NH",14460,metropolitan,"Boston-Worcester-Providence, MA-RI-NH-CT",148,"Boston, MA",14454
"5 cummington st., Boston, MA",42.348509,-71.100818,1,range_interpolation,5,"Cummington St",,,Boston,MA,"Suffolk County",02215,US,"TIGER/Line速 dataset from the US Census Bureau",333,81,292,79,0.877,41,36,0.123,37,25,0.127,255,78,0.873,0,13,0,0,13,0,0,13,0,0,13,0,0,13,0,0,13,0,26,32,0.078,307,75,0.922,0,13,0,0,13,0,539800,186940,4,5,0.108,0,13,0,0,13,0,0,13,0,0,13,0,0,13,0,0,13,0,0,13,0,0,13,0,0,13,0,0,13,0,0,13,0,0,13,0,0,13,0,0,13,0,0,13,0,0,13,0,0,13,0,0,13,0,8,14,0.216,3,4,0.081,22,20,0.595,0,13,0,0,13,0,0,13,0,0,13,0,2022,25,25025,Boston,2507000,010103,1004,1,250250101031004,25025010103,"Boston-Cambridge-Newton, MA-NH",14460,metropolitan,"Boston-Worcester-Providence, MA-RI-NH-CT",148,"Boston, MA",14454
"640 commonwealth ave, Boston, MA",42.348857,-71.102321,1,rooftop,640,"Commonwealth Ave",,,Boston,MA,"Suffolk County",02215,US,"Office of Geographic Information (MassGIS), Commonwealth of Massachusetts, MassIT",333,81,292,79,0.877,41,36,0.123,37,25,0.127,255,78,0.873,0,13,0,0,13,0,0,13,0,0,13,0,0,13,0,0,13,0,26,32,0.078,307,75,0.922,0,13,0,0,13,0,539800,186940,4,5,0.108,0,13,0,0,13,0,0,13,0,0,13,0,0,13,0,0,13,0,0,13,0,0,13,0,0,13,0,0,13,0,0,13,0,0,13,0,0,13,0,0,13,0,0,13,0,0,13,0,0,13,0,0,13,0,8,14,0.216,3,4,0.081,22,20,0.595,0,13,0,0,13,0,0,13,0,0,13,0,2022,25,25025,Boston,2507000,010103,1004,1,250250101031004,25025010103,"Boston-Cambridge-Newton, MA-NH",14460,metropolitan,"Boston-Worcester-Providence, MA-RI-NH-CT",148,"Boston, MA",14454
"722-726-728 commonwealth ave, Boston, MA",42.354318,-71.073449,0.5,place,,,,,Boston,MA,"Suffolk County",02106,US,"TIGER/Line速 dataset from the US Census Bureau",,,,,,,,,,,,,,,,,,,,,,,,,,,,,,,,,,,,,,,,,,,,,,,,,,,,,,,,,,,,,,,,,,,,,,,,,,,,,,,,,,,,,,,,,,,,,,,,,,,,,,,,,,,,,,,,,,,,,,,,,,,,,2022,25,25025,Boston,2507000,010801,1005,1,250250108011005,25025010801,"Boston-Cambridge-Newton, MA-NH",14460,metropolitan,"Boston-Worcester-Providence, MA-RI-NH-CT",148,"Boston, MA",14454
"700 commonwealth ave, Boston, MA",42.349377,-71.104021,1,rooftop,700,"Commonwealth Ave",,,Boston,MA,"Suffolk County",02215,US,"Office of Geographic Information (MassGIS), Commonwealth of Massachusetts, MassIT",333,81,292,79,0.877,41,36,0.123,37,25,0.127,255,78,0.873,0,13,0,0,13,0,0,13,0,0,13,0,0,13,0,0,13,0,26,32,0.078,307,75,0.922,0,13,0,0,13,0,539800,186940,4,5,0.108,0,13,0,0,13,0,0,13,0,0,13,0,0,13,0,0,13,0,0,13,0,0,13,0,0,13,0,0,13,0,0,13,0,0,13,0,0,13,0,0,13,0,0,13,0,0,13,0,0,13,0,0,13,0,8,14,0.216,3,4,0.081,22,20,0.595,0,13,0,0,13,0,0,13,0,0,13,0,2022,25,25025,Boston,2507000,010103,1005,1,250250101031005,25025010103,"Boston-Cambridge-Newton, MA-NH",14460,metropolitan,"Boston-Worcester-Providence, MA-RI-NH-CT",148,"Boston, MA",14454
"575 commonwealth ave, Boston, MA",42.349484,-71.098461,1,rooftop,575,"Commonwealth Ave",,,Boston,MA,"Suffolk County",02215,US,"Office of Geographic Information (MassGIS), Commonwealth of Massachusetts, MassIT",83,39,69,40,0.831,14,23,0.169,0,13,0,69,40,1,0,13,0,0,13,0,7,11,0.084,0,13,0,62,27,0.747,0,13,0,0,13,0,14,23,0.169,0,13,0,0,13,0,0,0,0,13,0,0,13,0,0,13,0,0,13,0,0,13,0,0,13,0,0,13,0,0,13,0,0,13,0,0,13,0,0,13,0,0,13,0,0,13,0,0,13,0,0,13,0,0,13,0,0,13,0,0,13,0,0,13,0,0,13,0,0,13,0,0,13,0,0,13,0,0,13,0,0,13,0,0,13,0,2022,25,25025,Boston,2507000,010103,2005,2,250250101032005,25025010103,"Boston-Cambridge-Newton, MA-NH",14460,metropolitan,"Boston-Worcester-Providence, MA-RI-NH-CT",148,"Boston, MA",14454
"910 commonwealth ave, Boston, MA",42.350771,-71.116561,1,rooftop,910,"Commonwealth Ave",,,Boston,MA,"Norfolk County",02215,US,"City of Brookline",594,176,509,171,0.857,85,90,0.143,0,13,0,509,171,1,0,13,0,103,129,0.173,37,44,0.062,33,39,0.056,83,78,0.14,0,13,0,35,57,0.059,303,129,0.51,0,13,0,0,13,0,0,0,0,13,0,0,13,0,0,13,0,0,13,0,0,13,0,0,13,0,0,13,0,0,13,0,0,13,0,0,13,0,0,13,0,0,13,0,0,13,0,0,13,0,0,13,0,0,13,0,0,13,0,0,13,0,0,13,0,0,13,0,0,13,0,0,13,0,0,13,0,0,13,0,0,13,0,0,13,0,2022,25,25021,Brookline,2509210,400202,1000,1,250214002021000,25021400202,"Boston-Cambridge-Newton, MA-NH",14460,metropolitan,"Boston-Worcester-Providence, MA-RI-NH-CT",148,"Boston, MA",14454
"677 beacon st, Boston, MA",42.349034,-71.095514,1,range_interpolation,677,"Beacon St",,,Boston,MA,"Suffolk County",02215,US,"TIGER/Line速 dataset from the US Census Bureau",538,123,478,116,0.888,60,50,0.112,8,12,0.017,470,118,0.983,0,13,0,0,13,0,9,13,0.017,0,13,0,200,90,0.372,33,31,0.061,49,38,0.091,244,95,0.454,0,13,0,3,7,0.006,0,0,0,13,0,0,13,0,0,13,0,0,13,0,0,13,0,0,13,0,0,13,0,0,13,0,0,13,0,0,13,0,0,13,0,0,13,0,0,13,0,0,13,0,0,13,0,0,13,0,0,13,0,0,13,0,0,13,0,0,13,0,0,13,0,0,13,0,0,13,0,8,12,1,0,13,0,0,13,0,2022,25,25025,Boston,2507000,010104,3004,3,250250101043004,25025010104,"Boston-Cambridge-Newton, MA-NH",14460,metropolitan,"Boston-Worcester-Providence, MA-RI-NH-CT",148,"Boston, MA",14454
"270 bay state rd, Boston, MA",42.350791,-71.105482,1,rooftop,270,"Bay State Rd",,,Boston,MA,"Suffolk County",02215,US,"Office of Geographic Information (MassGIS), Commonwealth of Massachusetts, MassIT",116,54,57,26,0.491,59,51,0.509,0,13,0,57,26,1,0,13,0,0,13,0,0,13,0,6,7,0.052,71,42,0.612,4,6,0.034,27,33,0.233,8,12,0.069,0,13,0,0,13,0,0,0,0,13,0,0,13,0,0,13,0,0,13,0,0,13,0,0,13,0,0,13,0,0,13,0,0,13,0,0,13,0,0,13,0,0,13,0,0,13,0,0,13,0,0,13,0,0,13,0,0,13,0,0,13,0,0,13,0,0,13,0,0,13,0,0,13,0,0,13,0,0,13,0,0,13,0,0,13,0,2022,25,25025,Boston,2507000,010103,3005,3,250250101033005,25025010103,"Boston-Cambridge-Newton, MA-NH",14460,metropolitan,"Boston-Worcester-Providence, MA-RI-NH-CT",148,"Boston, MA",14454
"275 babcock, Boston, MA",42.352934,-71.120522,1,rooftop,275,"Babcock St",,,Boston,MA,"Suffolk County",02215,US,"Office of Geographic Information (MassGIS), Commonwealth of Massachusetts, MassIT",0,13,0,13,0,0,13,0,0,13,0,0,13,0,0,13,0,0,13,0,0,13,0,0,13,0,0,13,0,0,13,0,0,13,0,0,13,0,0,13,0,0,13,0,0,0,0,13,0,0,13,0,0,13,0,0,13,0,0,13,0,0,13,0,0,13,0,0,13,0,0,13,0,0,13,0,0,13,0,0,13,0,0,13,0,0,13,0,0,13,0,0,13,0,0,13,0,0,13,0,0,13,0,0,13,0,0,13,0,0,13,0,0,13,0,0,13,0,0,13,0,0,13,0,2022,25,25025,Boston,2507000,000807,1004,1,250250008071004,25025000807,"Boston-Cambridge-Newton, MA-NH",14460,metropolitan,"Boston-Worcester-Providence, MA-RI-NH-CT",148,"Boston, MA",14454
"565 commonwealth ave, Boston, MA",42.349447,-71.098111,1,rooftop,565,"Commonwealth Ave",,,Boston,MA,"Suffolk County",02215,US,"Office of Geographic Information (MassGIS), Commonwealth of Massachusetts, MassIT",83,39,69,40,0.831,14,23,0.169,0,13,0,69,40,1,0,13,0,0,13,0,7,11,0.084,0,13,0,62,27,0.747,0,13,0,0,13,0,14,23,0.169,0,13,0,0,13,0,0,0,0,13,0,0,13,0,0,13,0,0,13,0,0,13,0,0,13,0,0,13,0,0,13,0,0,13,0,0,13,0,0,13,0,0,13,0,0,13,0,0,13,0,0,13,0,0,13,0,0,13,0,0,13,0,0,13,0,0,13,0,0,13,0,0,13,0,0,13,0,0,13,0,0,13,0,0,13,0,2022,25,25025,Boston,2507000,010103,2005,2,250250101032005,25025010103,"Boston-Cambridge-Newton, MA-NH",14460,metropolitan,"Boston-Worcester-Providence, MA-RI-NH-CT",148,"Boston, MA",14454
"1010 commonwealth ave, Boston, MA",42.35127,-71.121039,1,rooftop,1010,"Commonwealth Ave",,,Boston,MA,"Norfolk County",02215,US,"City of Brookline",965,198,965,198,1,0,13,0,399,115,0.413,566,172,0.587,194,125,0.201,52,79,0.054,0,13,0,281,153,0.291,342,140,0.354,41,49,0.042,32,39,0.033,23,37,0.024,0,13,0,0,13,0,2000001,0,0,13,0,0,13,0,0,13,0,0,13,0,0,13,0,0,13,0,0,13,0,0,13,0,0,13,0,0,13,0,0,13,0,0,13,0,0,13,0,0,13,0,0,13,0,0,13,0,0,13,0,17,26,0.043,0,13,0,0,13,0,0,13,0,41,44,0.103,0,13,0,98,100,0.246,29,36,0.073,214,114,0.536,2022,25,25021,Brookline,2509210,400202,2000,2,250214002022000,25021400202,"Boston-Cambridge-Newton, MA-NH",14460,metropolitan,"Boston-Worcester-Providence, MA-RI-NH-CT",148,"Boston, MA",14454
"96 cummington st, Boston, MA",42.348905,-71.104671,1,range_interpolation,96,"Cummington St",,,Boston,MA,"Suffolk County",02215,US,"TIGER/Line速 dataset from the US Census Bureau",333,81,292,79,0.877,41,36,0.123,37,25,0.127,255,78,0.873,0,13,0,0,13,0,0,13,0,0,13,0,0,13,0,0,13,0,26,32,0.078,307,75,0.922,0,13,0,0,13,0,539800,186940,4,5,0.108,0,13,0,0,13,0,0,13,0,0,13,0,0,13,0,0,13,0,0,13,0,0,13,0,0,13,0,0,13,0,0,13,0,0,13,0,0,13,0,0,13,0,0,13,0,0,13,0,0,13,0,0,13,0,8,14,0.216,3,4,0.081,22,20,0.595,0,13,0,0,13,0,0,13,0,0,13,0,2022,25,25025,Boston,2507000,010103,1006,1,250250101031006,25025010103,"Boston-Cambridge-Newton, MA-NH",14460,metropolitan,"Boston-Worcester-Providence, MA-RI-NH-CT",148,"Boston, MA",14454
"25 buick st, Boston, MA",42.351977,-71.115231,1,rooftop,25,"Buick St",,,Boston,MA,"Suffolk County",02215,US,"Office of Geographic Information (MassGIS), Commonwealth of Massachusetts, MassIT",0,13,0,13,0,0,13,0,0,13,0,0,13,0,0,13,0,0,13,0,0,13,0,0,13,0,0,13,0,0,13,0,0,13,0,0,13,0,0,13,0,0,13,0,0,0,0,13,0,0,13,0,0,13,0,0,13,0,0,13,0,0,13,0,0,13,0,0,13,0,0,13,0,0,13,0,0,13,0,0,13,0,0,13,0,0,13,0,0,13,0,0,13,0,0,13,0,0,13,0,0,13,0,0,13,0,0,13,0,0,13,0,0,13,0,0,13,0,0,13,0,0,13,0,2022,25,25025,Boston,2507000,000807,1004,1,250250008071004,25025000807,"Boston-Cambridge-Newton, MA-NH",14460,metropolitan,"Boston-Worcester-Providence, MA-RI-NH-CT",148,"Boston, MA",14454
"518 park drive, Boston, MA",42.347957,-71.105961,1,rooftop,518,"Park Dr",,,Boston,MA,"Suffolk County",02215,US,"Office of Geographic Information (MassGIS), Commonwealth of Massachusetts, MassIT",502,126,387,105,0.771,115,79,0.229,133,49,0.344,254,100,0.656,15,22,0.03,0,13,0,0,13,0,27,24,0.054,282,124,0.562,87,46,0.173,91,57,0.181,0,13,0,0,13,0,0,13,0,431400,52213,0,13,0,0,13,0,0,13,0,0,13,0,0,13,0,0,13,0,0,13,0,0,13,0,0,13,0,0,13,0,0,13,0,0,13,0,0,13,0,0,13,0,0,13,0,0,13,0,0,13,0,0,13,0,18,30,0.135,30,40,0.226,59,31,0.444,15,22,0.113,6,9,0.045,5,9,0.038,0,13,0,0,13,0,2022,25,25025,Boston,2507000,010204,2000,2,250250102042000,25025010204,"Boston-Cambridge-Newton, MA-NH",14460,metropolitan,"Boston-Worcester-Providence, MA-RI-NH-CT",148,"Boston, MA",14454
"949 commonwealth avenue, Boston, MA",42.351905,-71.11871,1,rooftop,949,"Commonwealth Ave",,,Boston,MA,"Suffolk County",02215,US,"Office of Geographic Information (MassGIS), Commonwealth of Massachusetts, MassIT",0,13,0,13,0,0,13,0,0,13,0,0,13,0,0,13,0,0,13,0,0,13,0,0,13,0,0,13,0,0,13,0,0,13,0,0,13,0,0,13,0,0,13,0,0,0,0,13,0,0,13,0,0,13,0,0,13,0,0,13,0,0,13,0,0,13,0,0,13,0,0,13,0,0,13,0,0,13,0,0,13,0,0,13,0,0,13,0,0,13,0,0,13,0,0,13,0,0,13,0,0,13,0,0,13,0,0,13,0,0,13,0,0,13,0,0,13,0,0,13,0,0,13,0,2022,25,25025,Boston,2507000,000807,1005,1,250250008071005,25025000807,"Boston-Cambridge-Newton, MA-NH",14460,metropolitan,"Boston-Worcester-Providence, MA-RI-NH-CT",148,"Boston, MA",14454
"36 cummington mall, Boston, MA",42.348446,-71.102307,1,rooftop,36,"Cummington Mall",,,Boston,MA,"Suffolk County",02215,US,"Office of Geographic Information (MassGIS), Commonwealth of Massachusetts, MassIT",333,81,292,79,0.877,41,36,0.123,37,25,0.127,255,78,0.873,0,13,0,0,13,0,0,13,0,0,13,0,0,13,0,0,13,0,26,32,0.078,307,75,0.922,0,13,0,0,13,0,539800,186940,4,5,0.108,0,13,0,0,13,0,0,13,0,0,13,0,0,13,0,0,13,0,0,13,0,0,13,0,0,13,0,0,13,0,0,13,0,0,13,0,0,13,0,0,13,0,0,13,0,0,13,0,0,13,0,0,13,0,8,14,0.216,3,4,0.081,22,20,0.595,0,13,0,0,13,0,0,13,0,0,13,0,2022,25,25025,Boston,2507000,010103,1006,1,250250101031006,25025010103,"Boston-Cambridge-Newton, MA-NH",14460,metropolitan,"Boston-Worcester-Providence, MA-RI-NH-CT",148,"Boston, MA",14454
"44 cummington st, Boston, MA",42.348719,-71.103664,1,range_interpolation,44,"Cummington St",,,Boston,MA,"Suffolk County",02215,US,"TIGER/Line速 dataset from the US Census Bureau",333,81,292,79,0.877,41,36,0.123,37,25,0.127,255,78,0.873,0,13,0,0,13,0,0,13,0,0,13,0,0,13,0,0,13,0,26,32,0.078,307,75,0.922,0,13,0,0,13,0,539800,186940,4,5,0.108,0,13,0,0,13,0,0,13,0,0,13,0,0,13,0,0,13,0,0,13,0,0,13,0,0,13,0,0,13,0,0,13,0,0,13,0,0,13,0,0,13,0,0,13,0,0,13,0,0,13,0,0,13,0,8,14,0.216,3,4,0.081,22,20,0.595,0,13,0,0,13,0,0,13,0,0,13,0,2022,25,25025,Boston,2507000,010103,1006,1,250250101031006,25025010103,"Boston-Cambridge-Newton, MA-NH",14460,metropolitan,"Boston-Worcester-Providence, MA-RI-NH-CT",148,"Boston, MA",14454
"590 commonwealth ave, Boston, MA",42.348415,-71.100274,1,rooftop,590,"Commonwealth Ave",,,Boston,MA,"Suffolk County",02215,US,"Office of Geographic Information (MassGIS), Commonwealth of Massachusetts, MassIT",333,81,292,79,0.877,41,36,0.123,37,25,0.127,255,78,0.873,0,13,0,0,13,0,0,13,0,0,13,0,0,13,0,0,13,0,26,32,0.078,307,75,0.922,0,13,0,0,13,0,539800,186940,4,5,0.108,0,13,0,0,13,0,0,13,0,0,13,0,0,13,0,0,13,0,0,13,0,0,13,0,0,13,0,0,13,0,0,13,0,0,13,0,0,13,0,0,13,0,0,13,0,0,13,0,0,13,0,0,13,0,8,14,0.216,3,4,0.081,22,20,0.595,0,13,0,0,13,0,0,13,0,0,13,0,2022,25,25025,Boston,2507000,010103,1003,1,250250101031003,25025010103,"Boston-Cambridge-Newton, MA-NH",14460,metropolitan,"Boston-Worcester-Providence, MA-RI-NH-CT",148,"Boston, MA",14454
"700 commonwealth avenue, Boston, MA",42.349377,-71.104021,1,rooftop,700,"Commonwealth Ave",,,Boston,MA,"Suffolk County",02215,US,"Office of Geographic Information (MassGIS), Commonwealth of Massachusetts, MassIT",333,81,292,79,0.877,41,36,0.123,37,25,0.127,255,78,0.873,0,13,0,0,13,0,0,13,0,0,13,0,0,13,0,0,13,0,26,32,0.078,307,75,0.922,0,13,0,0,13,0,539800,186940,4,5,0.108,0,13,0,0,13,0,0,13,0,0,13,0,0,13,0,0,13,0,0,13,0,0,13,0,0,13,0,0,13,0,0,13,0,0,13,0,0,13,0,0,13,0,0,13,0,0,13,0,0,13,0,0,13,0,8,14,0.216,3,4,0.081,22,20,0.595,0,13,0,0,13,0,0,13,0,0,13,0,2022,25,25025,Boston,2507000,010103,1005,1,250250101031005,25025010103,"Boston-Cambridge-Newton, MA-NH",14460,metropolitan,"Boston-Worcester-Providence, MA-RI-NH-CT",148,"Boston, MA",14454
"900 commonwealth avenue, Boston, MA",42.35057,-71.116224,1,rooftop,900,"Commonwealth Ave",,,Boston,MA,"Norfolk County",02215,US,"City of Brookline",594,176,509,171,0.857,85,90,0.143,0,13,0,509,171,1,0,13,0,103,129,0.173,37,44,0.062,33,39,0.056,83,78,0.14,0,13,0,35,57,0.059,303,129,0.51,0,13,0,0,13,0,0,0,0,13,0,0,13,0,0,13,0,0,13,0,0,13,0,0,13,0,0,13,0,0,13,0,0,13,0,0,13,0,0,13,0,0,13,0,0,13,0,0,13,0,0,13,0,0,13,0,0,13,0,0,13,0,0,13,0,0,13,0,0,13,0,0,13,0,0,13,0,0,13,0,0,13,0,0,13,0,2022,25,25021,Brookline,2509210,400202,1000,1,250214002021000,25021400202,"Boston-Cambridge-Newton, MA-NH",14460,metropolitan,"Boston-Worcester-Providence, MA-RI-NH-CT",148,"Boston, MA",14454
"32 harry agganis way, Boston, MA",42.35252,-71.118582,1,rooftop,32,"Harry Agganis Way",,,Boston,MA,"Suffolk County",02215,US,"Office of Geographic Information (MassGIS), Commonwealth of Massachusetts, MassIT",0,13,0,13,0,0,13,0,0,13,0,0,13,0,0,13,0,0,13,0,0,13,0,0,13,0,0,13,0,0,13,0,0,13,0,0,13,0,0,13,0,0,13,0,0,0,0,13,0,0,13,0,0,13,0,0,13,0,0,13,0,0,13,0,0,13,0,0,13,0,0,13,0,0,13,0,0,13,0,0,13,0,0,13,0,0,13,0,0,13,0,0,13,0,0,13,0,0,13,0,0,13,0,0,13,0,0,13,0,0,13,0,0,13,0,0,13,0,0,13,0,0,13,0,2022,25,25025,Boston,2507000,000807,1004,1,250250008071004,25025000807,"Boston-Cambridge-Newton, MA-NH",14460,metropolitan,"Boston-Worcester-Providence, MA-RI-NH-CT",148,"Boston, MA",14454
"33 harry agganis way, Boston, MA",42.353169,-71.117768,1,rooftop,33,"Harry Agganis Way",,,Boston,MA,"Suffolk County",02215,US,"Office of Geographic Information (MassGIS), Commonwealth of Massachusetts, MassIT",0,13,0,13,0,0,13,0,0,13,0,0,13,0,0,13,0,0,13,0,0,13,0,0,13,0,0,13,0,0,13,0,0,13,0,0,13,0,0,13,0,0,13,0,0,0,0,13,0,0,13,0,0,13,0,0,13,0,0,13,0,0,13,0,0,13,0,0,13,0,0,13,0,0,13,0,0,13,0,0,13,0,0,13,0,0,13,0,0,13,0,0,13,0,0,13,0,0,13,0,0,13,0,0,13,0,0,13,0,0,13,0,0,13,0,0,13,0,0,13,0,0,13,0,2022,25,25025,Boston,2507000,000807,1006,1,250250008071006,25025000807,"Boston-Cambridge-Newton, MA-NH",14460,metropolitan,"Boston-Worcester-Providence, MA-RI-NH-CT",148,"Boston, MA",14454
"985 commonwealth ave, Boston, MA",42.352055,-71.12025,1,rooftop,985,"Commonwealth Ave",,,Boston,MA,"Suffolk County",02215,US,"Office of Geographic Information (MassGIS), Commonwealth of Massachusetts, MassIT",0,13,0,13,0,0,13,0,0,13,0,0,13,0,0,13,0,0,13,0,0,13,0,0,13,0,0,13,0,0,13,0,0,13,0,0,13,0,0,13,0,0,13,0,0,0,0,13,0,0,13,0,0,13,0,0,13,0,0,13,0,0,13,0,0,13,0,0,13,0,0,13,0,0,13,0,0,13,0,0,13,0,0,13,0,0,13,0,0,13,0,0,13,0,0,13,0,0,13,0,0,13,0,0,13,0,0,13,0,0,13,0,0,13,0,0,13,0,0,13,0,0,13,0,2022,25,25025,Boston,2507000,000807,1004,1,250250008071004,25025000807,"Boston-Cambridge-Newton, MA-NH",14460,metropolitan,"Boston-Worcester-Providence, MA-RI-NH-CT",148,"Boston, MA",14454
"2 cummington st, Boston, MA",42.348872,-71.103005,1,range_interpolation,2,"Cummington St",,,Boston,MA,"Suffolk County",02215,US,"TIGER/Line速 dataset from the US Census Bureau",333,81,292,79,0.877,41,36,0.123,37,25,0.127,255,78,0.873,0,13,0,0,13,0,0,13,0,0,13,0,0,13,0,0,13,0,26,32,0.078,307,75,0.922,0,13,0,0,13,0,539800,186940,4,5,0.108,0,13,0,0,13,0,0,13,0,0,13,0,0,13,0,0,13,0,0,13,0,0,13,0,0,13,0,0,13,0,0,13,0,0,13,0,0,13,0,0,13,0,0,13,0,0,13,0,0,13,0,0,13,0,8,14,0.216,3,4,0.081,22,20,0.595,0,13,0,0,13,0,0,13,0,0,13,0,2022,25,25025,Boston,2507000,010103,1005,1,250250101031005,25025010103,"Boston-Cambridge-Newton, MA-NH",14460,metropolitan,"Boston-Worcester-Providence, MA-RI-NH-CT",148,"Boston, MA",14454
"14 buswell st, Boston, MA",42.347487,-71.104381,1,rooftop,14,"Buswell St",,,Boston,MA,"Suffolk County",02215,US,"Office of Geographic Information (MassGIS), Commonwealth of Massachusetts, MassIT",200,62,162,53,0.81,38,40,0.19,0,13,0,162,53,1,0,13,0,17,24,0.085,17,27,0.085,19,31,0.095,35,39,0.175,58,53,0.29,0,13,0,54,35,0.27,0,13,0,0,13,0,0,0,0,13,0,0,13,0,0,13,0,0,13,0,0,13,0,0,13,0,0,13,0,0,13,0,0,13,0,0,13,0,0,13,0,0,13,0,0,13,0,0,13,0,0,13,0,0,13,0,0,13,0,0,13,0,0,13,0,0,13,0,0,13,0,0,13,0,0,13,0,0,13,0,0,13,0,0,13,0,2022,25,25025,Boston,2507000,010204,1004,1,250250102041004,25025010204,"Boston-Cambridge-Newton, MA-NH",14460,metropolitan,"Boston-Worcester-Providence, MA-RI-NH-CT",148,"Boston, MA",14454
"660 beacon st/76 bay state, Boston, MA",42.349241,-71.096189,1,rooftop,660,"Beacon St",,,Boston,MA,"Suffolk County",02215,US,"Office of Geographic Information (MassGIS), Commonwealth of Massachusetts, MassIT",505,99,458,94,0.907,47,53,0.093,58,43,0.127,400,94,0.873,0,13,0,0,13,0,8,12,0.016,34,38,0.067,109,45,0.216,223,90,0.442,93,52,0.184,38,28,0.075,0,13,0,0,13,0,597800,186933,8,12,0.138,0,13,0,0,13,0,0,13,0,0,13,0,0,13,0,0,13,0,0,13,0,0,13,0,0,13,0,0,13,0,0,13,0,0,13,0,0,13,0,0,13,0,0,13,0,0,13,0,0,13,0,0,13,0,0,13,0,12,20,0.207,23,35,0.397,8,12,0.138,0,13,0,0,13,0,7,10,0.121,2022,25,25025,Boston,2507000,010104,2007,2,250250101042007,25025010104,"Boston-Cambridge-Newton, MA-NH",14460,metropolitan,"Boston-Worcester-Providence, MA-RI-NH-CT",148,"Boston, MA",14454
"928 commonwealth ave, Boston, MA",42.350883,-71.117507,1,rooftop,928,"Commonwealth Ave",,,Boston,MA,"Norfolk County",02215,US,"City of Brookline",594,176,509,171,0.857,85,90,0.143,0,13,0,509,171,1,0,13,0,103,129,0.173,37,44,0.062,33,39,0.056,83,78,0.14,0,13,0,35,57,0.059,303,129,0.51,0,13,0,0,13,0,0,0,0,13,0,0,13,0,0,13,0,0,13,0,0,13,0,0,13,0,0,13,0,0,13,0,0,13,0,0,13,0,0,13,0,0,13,0,0,13,0,0,13,0,0,13,0,0,13,0,0,13,0,0,13,0,0,13,0,0,13,0,0,13,0,0,13,0,0,13,0,0,13,0,0,13,0,0,13,0,2022,25,25021,Brookline,2509210,400202,1000,1,250214002021000,25021400202,"Boston-Cambridge-Newton, MA-NH",14460,metropolitan,"Boston-Worcester-Providence, MA-RI-NH-CT",148,"Boston, MA",14454
"233 bay state rd, Boston, MA",42.350927,-71.103951,1,rooftop,233,"Bay State Rd",,,Boston,MA,"Suffolk County",02215,US,"Office of Geographic Information (MassGIS), Commonwealth of Massachusetts, MassIT",116,54,57,26,0.491,59,51,0.509,0,13,0,57,26,1,0,13,0,0,13,0,0,13,0,6,7,0.052,71,42,0.612,4,6,0.034,27,33,0.233,8,12,0.069,0,13,0,0,13,0,0,0,0,13,0,0,13,0,0,13,0,0,13,0,0,13,0,0,13,0,0,13,0,0,13,0,0,13,0,0,13,0,0,13,0,0,13,0,0,13,0,0,13,0,0,13,0,0,13,0,0,13,0,0,13,0,0,13,0,0,13,0,0,13,0,0,13,0,0,13,0,0,13,0,0,13,0,0,13,0,2022,25,25025,Boston,2507000,010103,3002,3,250250101033002,25025010103,"Boston-Cambridge-Newton, MA-NH",14460,metropolitan,"Boston-Worcester-Providence, MA-RI-NH-CT",148,"Boston, MA",14454
"595 commonwealth ave (1 silber way), Boston, MA",42.349601,-71.099787,1,rooftop,595,"Commonwealth Ave",,1,Boston,MA,"Suffolk County",02215,US,"Office of Geographic Information (MassGIS), Commonwealth of Massachusetts, MassIT",83,39,69,40,0.831,14,23,0.169,0,13,0,69,40,1,0,13,0,0,13,0,7,11,0.084,0,13,0,62,27,0.747,0,13,0,0,13,0,14,23,0.169,0,13,0,0,13,0,0,0,0,13,0,0,13,0,0,13,0,0,13,0,0,13,0,0,13,0,0,13,0,0,13,0,0,13,0,0,13,0,0,13,0,0,13,0,0,13,0,0,13,0,0,13,0,0,13,0,0,13,0,0,13,0,0,13,0,0,13,0,0,13,0,0,13,0,0,13,0,0,13,0,0,13,0,0,13,0,2022,25,25025,Boston,2507000,010103,2005,2,250250101032005,25025010103,"Boston-Cambridge-Newton, MA-NH",14460,metropolitan,"Boston-Worcester-Providence, MA-RI-NH-CT",148,"Boston, MA",14454
"273-277 babcock, Boston, MA",42.353451,-71.120718,0.9,nearest_rooftop_match,277,"Babcock St",,,Boston,MA,"Suffolk County",02215,US,"Office of Geographic Information (MassGIS), Commonwealth of Massachusetts, MassIT",0,13,0,13,0,0,13,0,0,13,0,0,13,0,0,13,0,0,13,0,0,13,0,0,13,0,0,13,0,0,13,0,0,13,0,0,13,0,0,13,0,0,13,0,0,0,0,13,0,0,13,0,0,13,0,0,13,0,0,13,0,0,13,0,0,13,0,0,13,0,0,13,0,0,13,0,0,13,0,0,13,0,0,13,0,0,13,0,0,13,0,0,13,0,0,13,0,0,13,0,0,13,0,0,13,0,0,13,0,0,13,0,0,13,0,0,13,0,0,13,0,0,13,0,2022,25,25025,Boston,2507000,000807,1004,1,250250008071004,25025000807,"Boston-Cambridge-Newton, MA-NH",14460,metropolitan,"Boston-Worcester-Providence, MA-RI-NH-CT",148,"Boston, MA",14454
"170 bay state road, Boston, MA",42.350247,-71.100923,1,range_interpolation,170,"Bay State Rd",,,Boston,MA,"Suffolk County",02215,US,"TIGER/Line速 dataset from the US Census Bureau",116,54,57,26,0.491,59,51,0.509,0,13,0,57,26,1,0,13,0,0,13,0,0,13,0,6,7,0.052,71,42,0.612,4,6,0.034,27,33,0.233,8,12,0.069,0,13,0,0,13,0,0,0,0,13,0,0,13,0,0,13,0,0,13,0,0,13,0,0,13,0,0,13,0,0,13,0,0,13,0,0,13,0,0,13,0,0,13,0,0,13,0,0,13,0,0,13,0,0,13,0,0,13,0,0,13,0,0,13,0,0,13,0,0,13,0,0,13,0,0,13,0,0,13,0,0,13,0,0,13,0,2022,25,25025,Boston,2507000,010103,3007,3,250250101033007,25025010103,"Boston-Cambridge-Newton, MA-NH",14460,metropolitan,"Boston-Worcester-Providence, MA-RI-NH-CT",148,"Boston, MA",14454
"930 commonwealth ave, Boston, MA",42.350907,-71.117698,1,rooftop,930,"Commonwealth Ave",,,Boston,MA,"Norfolk County",02215,US,"City of Brookline",594,176,509,171,0.857,85,90,0.143,0,13,0,509,171,1,0,13,0,103,129,0.173,37,44,0.062,33,39,0.056,83,78,0.14,0,13,0,35,57,0.059,303,129,0.51,0,13,0,0,13,0,0,0,0,13,0,0,13,0,0,13,0,0,13,0,0,13,0,0,13,0,0,13,0,0,13,0,0,13,0,0,13,0,0,13,0,0,13,0,0,13,0,0,13,0,0,13,0,0,13,0,0,13,0,0,13,0,0,13,0,0,13,0,0,13,0,0,13,0,0,13,0,0,13,0,0,13,0,0,13,0,2022,25,25021,Brookline,2509210,400202,1000,1,250214002021000,25021400202,"Boston-Cambridge-Newton, MA-NH",14460,metropolitan,"Boston-Worcester-Providence, MA-RI-NH-CT",148,"Boston, MA",14454
,0,0,0,,"The query parameter is an empty string. Please supply a valid address.",,,,,,,,,,,,,,,,,,,,,,,,,,,,,,,,,,,,,,,,,,,,,,,,,,,,,,,,,,,,,,,,,,,,,,,,,,,,,,,,,,,,,,,,,,,,,,,,,,,,,,,,,,,,,,,,,,,,,,,,,,,,,,,,,,,,,,,,,,,,,,,,,,,,,,
"cummington mall, Boston, MA",42.34905,-71.103992,0.95,street_center,,"Cummington St",,,Boston,MA,"Suffolk County",02215,US,"TIGER/Line速 dataset from the US Census Bureau",333,81,292,79,0.877,41,36,0.123,37,25,0.127,255,78,0.873,0,13,0,0,13,0,0,13,0,0,13,0,0,13,0,0,13,0,26,32,0.078,307,75,0.922,0,13,0,0,13,0,539800,186940,4,5,0.108,0,13,0,0,13,0,0,13,0,0,13,0,0,13,0,0,13,0,0,13,0,0,13,0,0,13,0,0,13,0,0,13,0,0,13,0,0,13,0,0,13,0,0,13,0,0,13,0,0,13,0,0,13,0,8,14,0.216,3,4,0.081,22,20,0.595,0,13,0,0,13,0,0,13,0,0,13,0,2022,25,25025,Boston,2507000,010103,1005,1,250250101031005,25025010103,"Boston-Cambridge-Newton, MA-NH",14460,metropolitan,"Boston-Worcester-Providence, MA-RI-NH-CT",148,"Boston, MA",14454
"808 commonwealth avenue, Boston, MA",42.350337,-71.111609,1,rooftop,808,"Commonwealth Ave",,,Boston,MA,"Norfolk County",02215,US,"City of Brookline",789,154,789,154,1,0,13,0,349,116,0.442,440,140,0.558,108,73,0.137,0,13,0,39,50,0.049,89,70,0.113,182,84,0.231,192,91,0.243,179,103,0.227,0,13,0,0,13,0,0,13,0,958600,104167,0,13,0,0,13,0,0,13,0,0,13,0,0,13,0,0,13,0,0,13,0,0,13,0,0,13,0,0,13,0,0,13,0,0,13,0,0,13,0,0,13,0,0,13,0,0,13,0,0,13,0,0,13,0,0,13,0,0,13,0,0,13,0,41,36,0.117,160,97,0.458,106,81,0.304,0,13,0,42,34,0.12,2022,25,25021,Brookline,2509210,400100,5000,5,250214001005000,25021400100,"Boston-Cambridge-Newton, MA-NH",14460,metropolitan,"Boston-Worcester-Providence, MA-RI-NH-CT",148,"Boston, MA",14454
"159 bay state rd, Boston, MA",42.350587,-71.100751,1,rooftop,159,"Bay State Rd",,,Boston,MA,"Suffolk County",02215,US,"Office of Geographic Information (MassGIS), Commonwealth of Massachusetts, MassIT",116,54,57,26,0.491,59,51,0.509,0,13,0,57,26,1,0,13,0,0,13,0,0,13,0,6,7,0.052,71,42,0.612,4,6,0.034,27,33,0.233,8,12,0.069,0,13,0,0,13,0,0,0,0,13,0,0,13,0,0,13,0,0,13,0,0,13,0,0,13,0,0,13,0,0,13,0,0,13,0,0,13,0,0,13,0,0,13,0,0,13,0,0,13,0,0,13,0,0,13,0,0,13,0,0,13,0,0,13,0,0,13,0,0,13,0,0,13,0,0,13,0,0,13,0,0,13,0,0,13,0,2022,25,25025,Boston,2507000,010103,3008,3,250250101033008,25025010103,"Boston-Cambridge-Newton, MA-NH",14460,metropolitan,"Boston-Worcester-Providence, MA-RI-NH-CT",148,"Boston, MA",14454
"175 baystate rd, Boston, MA",42.350647,-71.101411,1,rooftop,175,"Bay State Rd",,,Boston,MA,"Suffolk County",02215,US,"Office of Geographic Information (MassGIS), Commonwealth of Massachusetts, MassIT",116,54,57,26,0.491,59,51,0.509,0,13,0,57,26,1,0,13,0,0,13,0,0,13,0,6,7,0.052,71,42,0.612,4,6,0.034,27,33,0.233,8,12,0.069,0,13,0,0,13,0,0,0,0,13,0,0,13,0,0,13,0,0,13,0,0,13,0,0,13,0,0,13,0,0,13,0,0,13,0,0,13,0,0,13,0,0,13,0,0,13,0,0,13,0,0,13,0,0,13,0,0,13,0,0,13,0,0,13,0,0,13,0,0,13,0,0,13,0,0,13,0,0,13,0,0,13,0,0,13,0,2022,25,25025,Boston,2507000,010103,3008,3,250250101033008,25025010103,"Boston-Cambridge-Newton, MA-NH",14460,metropolitan,"Boston-Worcester-Providence, MA-RI-NH-CT",148,"Boston, MA",14454
"191 bay state rd, Boston, MA",42.350707,-71.102081,1,rooftop,191,"Bay State Rd",,,Boston,MA,"Suffolk County",02215,US,"Office of Geographic Information (MassGIS), Commonwealth of Massachusetts, MassIT",116,54,57,26,0.491,59,51,0.509,0,13,0,57,26,1,0,13,0,0,13,0,0,13,0,6,7,0.052,71,42,0.612,4,6,0.034,27,33,0.233,8,12,0.069,0,13,0,0,13,0,0,0,0,13,0,0,13,0,0,13,0,0,13,0,0,13,0,0,13,0,0,13,0,0,13,0,0,13,0,0,13,0,0,13,0,0,13,0,0,13,0,0,13,0,0,13,0,0,13,0,0,13,0,0,13,0,0,13,0,0,13,0,0,13,0,0,13,0,0,13,0,0,13,0,0,13,0,0,13,0,2022,25,25025,Boston,2507000,010103,3008,3,250250101033008,25025010103,"Boston-Cambridge-Newton, MA-NH",14460,metropolitan,"Boston-Worcester-Providence, MA-RI-NH-CT",148,"Boston, MA",14454
"207 baystate rd, Boston, MA",42.350767,-71.102751,1,rooftop,207,"Bay State Rd",,,Boston,MA,"Suffolk County",02215,US,"Office of Geographic Information (MassGIS), Commonwealth of Massachusetts, MassIT",116,54,57,26,0.491,59,51,0.509,0,13,0,57,26,1,0,13,0,0,13,0,0,13,0,6,7,0.052,71,42,0.612,4,6,0.034,27,33,0.233,8,12,0.069,0,13,0,0,13,0,0,0,0,13,0,0,13,0,0,13,0,0,13,0,0,13,0,0,13,0,0,13,0,0,13,0,0,13,0,0,13,0,0,13,0,0,13,0,0,13,0,0,13,0,0,13,0,0,13,0,0,13,0,0,13,0,0,13,0,0,13,0,0,13,0,0,13,0,0,13,0,0,13,0,0,13,0,0,13,0,2022,25,25025,Boston,2507000,010103,3008,3,250250101033008,25025010103,"Boston-Cambridge-Newton, MA-NH",14460,metropolitan,"Boston-Worcester-Providence, MA-RI-NH-CT",148,"Boston, MA",14454
"285 babcock st, Boston, MA",42.354071,-71.120337,1,rooftop,285,"Babcock St",,,Boston,MA,"Suffolk County",02215,US,"Office of Geographic Information (MassGIS), Commonwealth of Massachusetts, MassIT",0,13,0,13,0,0,13,0,0,13,0,0,13,0,0,13,0,0,13,0,0,13,0,0,13,0,0,13,0,0,13,0,0,13,0,0,13,0,0,13,0,0,13,0,0,0,0,13,0,0,13,0,0,13,0,0,13,0,0,13,0,0,13,0,0,13,0,0,13,0,0,13,0,0,13,0,0,13,0,0,13,0,0,13,0,0,13,0,0,13,0,0,13,0,0,13,0,0,13,0,0,13,0,0,13,0,0,13,0,0,13,0,0,13,0,0,13,0,0,13,0,0,13,0,2022,25,25025,Boston,2507000,000807,1004,1,250250008071004,25025000807,"Boston-Cambridge-Newton, MA-NH",14460,metropolitan,"Boston-Worcester-Providence, MA-RI-NH-CT",148,"Boston, MA",14454
"34 buswell st, Boston, MA",42.347197,-71.105941,1,rooftop,34,"Buswell St",,,Boston,MA,"Suffolk County",02215,US,"Office of Geographic Information (MassGIS), Commonwealth of Massachusetts, MassIT",502,126,387,105,0.771,115,79,0.229,133,49,0.344,254,100,0.656,15,22,0.03,0,13,0,0,13,0,27,24,0.054,282,124,0.562,87,46,0.173,91,57,0.181,0,13,0,0,13,0,0,13,0,431400,52213,0,13,0,0,13,0,0,13,0,0,13,0,0,13,0,0,13,0,0,13,0,0,13,0,0,13,0,0,13,0,0,13,0,0,13,0,0,13,0,0,13,0,0,13,0,0,13,0,0,13,0,0,13,0,18,30,0.135,30,40,0.226,59,31,0.444,15,22,0.113,6,9,0.045,5,9,0.038,0,13,0,0,13,0,2022,25,25025,Boston,2507000,010204,2002,2,250250102042002,25025010204,"Boston-Cambridge-Newton, MA-NH",14460,metropolitan,"Boston-Worcester-Providence, MA-RI-NH-CT",148,"Boston, MA",14454
"59 bay state rd, Boston, MA",42.350207,-71.095521,1,rooftop,59,"Bay State Rd",,,Boston,MA,"Suffolk County",02215,US,"Office of Geographic Information (MassGIS), Commonwealth of Massachusetts, MassIT",505,99,458,94,0.907,47,53,0.093,58,43,0.127,400,94,0.873,0,13,0,0,13,0,8,12,0.016,34,38,0.067,109,45,0.216,223,90,0.442,93,52,0.184,38,28,0.075,0,13,0,0,13,0,597800,186933,8,12,0.138,0,13,0,0,13,0,0,13,0,0,13,0,0,13,0,0,13,0,0,13,0,0,13,0,0,13,0,0,13,0,0,13,0,0,13,0,0,13,0,0,13,0,0,13,0,0,13,0,0,13,0,0,13,0,0,13,0,12,20,0.207,23,35,0.397,8,12,0.138,0,13,0,0,13,0,7,10,0.121,2022,25,25025,Boston,2507000,010104,2006,2,250250101042006,25025010104,"Boston-Cambridge-Newton, MA-NH",14460,metropolitan,"Boston-Worcester-Providence, MA-RI-NH-CT",148,"Boston, MA",14454
"46 mountfort st, Boston, MA",42.347771,-71.103323,1,rooftop,46,"Mountfort St",,,Boston,MA,"Suffolk County",02215,US,"Office of Geographic Information (MassGIS), Commonwealth of Massachusetts, MassIT",200,62,162,53,0.81,38,40,0.19,0,13,0,162,53,1,0,13,0,17,24,0.085,17,27,0.085,19,31,0.095,35,39,0.175,58,53,0.29,0,13,0,54,35,0.27,0,13,0,0,13,0,0,0,0,13,0,0,13,0,0,13,0,0,13,0,0,13,0,0,13,0,0,13,0,0,13,0,0,13,0,0,13,0,0,13,0,0,13,0,0,13,0,0,13,0,0,13,0,0,13,0,0,13,0,0,13,0,0,13,0,0,13,0,0,13,0,0,13,0,0,13,0,0,13,0,0,13,0,0,13,0,2022,25,25025,Boston,2507000,010204,1007,1,250250102041007,25025010204,"Boston-Cambridge-Newton, MA-NH",14460,metropolitan,"Boston-Worcester-Providence, MA-RI-NH-CT",148,"Boston, MA",14454
"515 park drive, Boston, MA",42.348047,-71.105571,1,rooftop,515,"Park Dr",,,Boston,MA,"Suffolk County",02215,US,"Office of Geographic Information (MassGIS), Commonwealth of Massachusetts, MassIT",200,62,162,53,0.81,38,40,0.19,0,13,0,162,53,1,0,13,0,17,24,0.085,17,27,0.085,19,31,0.095,35,39,0.175,58,53,0.29,0,13,0,54,35,0.27,0,13,0,0,13,0,0,0,0,13,0,0,13,0,0,13,0,0,13,0,0,13,0,0,13,0,0,13,0,0,13,0,0,13,0,0,13,0,0,13,0,0,13,0,0,13,0,0,13,0,0,13,0,0,13,0,0,13,0,0,13,0,0,13,0,0,13,0,0,13,0,0,13,0,0,13,0,0,13,0,0,13,0,0,13,0,2022,25,25025,Boston,2507000,010204,1001,1,250250102041001,25025010204,"Boston-Cambridge-Newton, MA-NH",14460,metropolitan,"Boston-Worcester-Providence, MA-RI-NH-CT",148,"Boston, MA",14454
"100 bay state road, Boston, MA",42.349981,-71.097915,1,rooftop,100,"Bay State Rd",,,Boston,MA,"Suffolk County",02215,US,"Office of Geographic Information (MassGIS), Commonwealth of Massachusetts, MassIT",83,39,69,40,0.831,14,23,0.169,0,13,0,69,40,1,0,13,0,0,13,0,7,11,0.084,0,13,0,62,27,0.747,0,13,0,0,13,0,14,23,0.169,0,13,0,0,13,0,0,0,0,13,0,0,13,0,0,13,0,0,13,0,0,13,0,0,13,0,0,13,0,0,13,0,0,13,0,0,13,0,0,13,0,0,13,0,0,13,0,0,13,0,0,13,0,0,13,0,0,13,0,0,13,0,0,13,0,0,13,0,0,13,0,0,13,0,0,13,0,0,13,0,0,13,0,0,13,0,2022,25,25025,Boston,2507000,010103,2003,2,250250101032003,25025010103,"Boston-Cambridge-Newton, MA-NH",14460,metropolitan,"Boston-Worcester-Providence, MA-RI-NH-CT",148,"Boston, MA",14454
"213 bay state rd, Boston, MA",42.350789,-71.102933,1,rooftop,213,"Bay State Rd",,,Boston,MA,"Suffolk County",02215,US,"Office of Geographic Information (MassGIS), Commonwealth of Massachusetts, MassIT",116,54,57,26,0.491,59,51,0.509,0,13,0,57,26,1,0,13,0,0,13,0,0,13,0,6,7,0.052,71,42,0.612,4,6,0.034,27,33,0.233,8,12,0.069,0,13,0,0,13,0,0,0,0,13,0,0,13,0,0,13,0,0,13,0,0,13,0,0,13,0,0,13,0,0,13,0,0,13,0,0,13,0,0,13,0,0,13,0,0,13,0,0,13,0,0,13,0,0,13,0,0,13,0,0,13,0,0,13,0,0,13,0,0,13,0,0,13,0,0,13,0,0,13,0,0,13,0,0,13,0,2022,25,25025,Boston,2507000,010103,3008,3,250250101033008,25025010103,"Boston-Cambridge-Newton, MA-NH",14460,metropolitan,"Boston-Worcester-Providence, MA-RI-NH-CT",148,"Boston, MA",14454
"1019 commonwealth ave, Boston, MA",42.352277,-71.121401,1,rooftop,1019,"Commonwealth Ave",,,Boston,MA,"Suffolk County",02215,US,"Office of Geographic Information (MassGIS), Commonwealth of Massachusetts, MassIT",575,136,456,125,0.793,119,85,0.207,0,13,0,456,125,1,0,13,0,0,13,0,82,53,0.143,15,25,0.026,21,25,0.037,38,36,0.066,157,95,0.273,262,94,0.456,0,13,0,0,13,0,0,0,0,13,0,0,13,0,0,13,0,0,13,0,0,13,0,0,13,0,0,13,0,0,13,0,0,13,0,0,13,0,0,13,0,0,13,0,0,13,0,0,13,0,0,13,0,0,13,0,0,13,0,0,13,0,0,13,0,0,13,0,0,13,0,0,13,0,0,13,0,0,13,0,0,13,0,0,13,0,2022,25,25025,Boston,2507000,000805,3007,3,250250008053007,25025000805,"Boston-Cambridge-Newton, MA-NH",14460,metropolitan,"Boston-Worcester-Providence, MA-RI-NH-CT",148,"Boston, MA",14454
"138 mountfort st, Boston, MA",42.348509,-71.107921,0.9,rooftop,138,"Mountfort St",,,Brookline,MA,"Norfolk County",02446,US,"City of Brookline",249,116,197,96,0.791,52,82,0.209,74,67,0.376,123,92,0.624,8,13,0.032,0,13,0,35,33,0.141,142,90,0.57,64,74,0.257,0,13,0,0,13,0,0,13,0,0,13,0,0,13,0,0,0,0,13,0,0,13,0,0,13,0,0,13,0,0,13,0,0,13,0,0,13,0,0,13,0,0,13,0,0,13,0,0,13,0,0,13,0,0,13,0,0,13,0,0,13,0,0,13,0,0,13,0,0,13,0,0,13,0,0,13,0,18,32,0.243,0,13,0,56,63,0.757,0,13,0,0,13,0,0,13,0,2022,25,25021,Brookline,2509210,400100,4007,4,250214001004007,25021400100,"Boston-Cambridge-Newton, MA-NH",14460,metropolitan,"Boston-Worcester-Providence, MA-RI-NH-CT",148,"Boston, MA",14454
"515 park/100 mountfort, Boston, MA",42.295401,-71.073683,1,range_interpolation,515,"Park St",,,"Dorchester Center",MA,"Suffolk County",02124,US,"TIGER/Line速 dataset from the US Census Bureau",339,104,324,100,0.956,15,25,0.044,153,62,0.472,171,94,0.528,22,19,0.065,71,46,0.209,99,73,0.292,137,78,0.404,7,12,0.021,3,7,0.009,0,13,0,0,13,0,0,13,0,0,13,0,364500,91105,0,13,0,0,13,0,0,13,0,0,13,0,0,13,0,0,13,0,0,13,0,0,13,0,0,13,0,0,13,0,0,13,0,0,13,0,0,13,0,18,29,0.118,0,13,0,0,13,0,0,13,0,0,13,0,34,33,0.222,38,39,0.248,21,24,0.137,19,20,0.124,23,33,0.15,0,13,0,0,13,0,0,13,0,2022,25,25025,Boston,2507000,092300,1005,1,250250923001005,25025092300,"Boston-Cambridge-Newton, MA-NH",14460,metropolitan,"Boston-Worcester-Providence, MA-RI-NH-CT",148,"Boston, MA",14454
"881 commonwealth ave, Boston, MA",42.351467,-71.115241,1,rooftop,881,"Commonwealth Ave",,,Boston,MA,"Suffolk County",02215,US,"Office of Geographic Information (MassGIS), Commonwealth of Massachusetts, MassIT",0,13,0,13,0,0,13,0,0,13,0,0,13,0,0,13,0,0,13,0,0,13,0,0,13,0,0,13,0,0,13,0,0,13,0,0,13,0,0,13,0,0,13,0,0,0,0,13,0,0,13,0,0,13,0,0,13,0,0,13,0,0,13,0,0,13,0,0,13,0,0,13,0,0,13,0,0,13,0,0,13,0,0,13,0,0,13,0,0,13,0,0,13,0,0,13,0,0,13,0,0,13,0,0,13,0,0,13,0,0,13,0,0,13,0,0,13,0,0,13,0,0,13,0,2022,25,25025,Boston,2507000,000807,1004,1,250250008071004,25025000807,"Boston-Cambridge-Newton, MA-NH",14460,metropolitan,"Boston-Worcester-Providence, MA-RI-NH-CT",148,"Boston, MA",14454
"940 commonwealth ave, Boston, MA",42.350906,-71.118106,1,rooftop,940,"Commonwealth Ave",,,Boston,MA,"Norfolk County",02215,US,"City of Brookline",594,176,509,171,0.857,85,90,0.143,0,13,0,509,171,1,0,13,0,103,129,0.173,37,44,0.062,33,39,0.056,83,78,0.14,0,13,0,35,57,0.059,303,129,0.51,0,13,0,0,13,0,0,0,0,13,0,0,13,0,0,13,0,0,13,0,0,13,0,0,13,0,0,13,0,0,13,0,0,13,0,0,13,0,0,13,0,0,13,0,0,13,0,0,13,0,0,13,0,0,13,0,0,13,0,0,13,0,0,13,0,0,13,0,0,13,0,0,13,0,0,13,0,0,13,0,0,13,0,0,13,0,2022,25,25021,Brookline,2509210,400202,1000,1,250214002021000,25021400202,"Boston-Cambridge-Newton, MA-NH",14460,metropolitan,"Boston-Worcester-Providence, MA-RI-NH-CT",148,"Boston, MA",14454
"635 albany street, Boston, MA",42.336348,-71.070131,1,rooftop,635,"Albany St",,,Boston,MA,"Suffolk County",02118,US,"Office of Geographic Information (MassGIS), Commonwealth of Massachusetts, MassIT",424,144,339,151,0.8,85,72,0.2,152,105,0.448,187,133,0.552,0,13,0,0,13,0,42,65,0.099,167,120,0.394,0,13,0,24,39,0.057,64,80,0.151,127,80,0.3,0,13,0,0,13,0,0,0,0,13,0,0,13,0,0,13,0,0,13,0,0,13,0,0,13,0,0,13,0,0,13,0,0,13,0,0,13,0,0,13,0,0,13,0,0,13,0,0,13,0,0,13,0,0,13,0,0,13,0,0,13,0,74,74,0.487,0,13,0,0,13,0,16,24,0.105,46,77,0.303,16,25,0.105,0,13,0,0,13,0,2022,25,25025,Boston,2507000,071101,4002,4,250250711014002,25025071101,"Boston-Cambridge-Newton, MA-NH",14460,metropolitan,"Boston-Worcester-Providence, MA-RI-NH-CT",148,"Boston, MA",14454
"715 albany street, Boston, MA",42.335599,-71.071561,1,rooftop,715,"Albany St",,,Boston,MA,"Suffolk County",02118,US,"Office of Geographic Information (MassGIS), Commonwealth of Massachusetts, MassIT",424,144,339,151,0.8,85,72,0.2,152,105,0.448,187,133,0.552,0,13,0,0,13,0,42,65,0.099,167,120,0.394,0,13,0,24,39,0.057,64,80,0.151,127,80,0.3,0,13,0,0,13,0,0,0,0,13,0,0,13,0,0,13,0,0,13,0,0,13,0,0,13,0,0,13,0,0,13,0,0,13,0,0,13,0,0,13,0,0,13,0,0,13,0,0,13,0,0,13,0,0,13,0,0,13,0,0,13,0,74,74,0.487,0,13,0,0,13,0,16,24,0.105,46,77,0.303,16,25,0.105,0,13,0,0,13,0,2022,25,25025,Boston,2507000,071101,4004,4,250250711014004,25025071101,"Boston-Cambridge-Newton, MA-NH",14460,metropolitan,"Boston-Worcester-Providence, MA-RI-NH-CT",148,"Boston, MA",14454
"609 albany st, Boston, MA",42.337004,-71.069028,1,rooftop,609,"Albany St",,,Boston,MA,"Suffolk County",02118,US,"Office of Geographic Information (MassGIS), Commonwealth of Massachusetts, MassIT",424,144,339,151,0.8,85,72,0.2,152,105,0.448,187,133,0.552,0,13,0,0,13,0,42,65,0.099,167,120,0.394,0,13,0,24,39,0.057,64,80,0.151,127,80,0.3,0,13,0,0,13,0,0,0,0,13,0,0,13,0,0,13,0,0,13,0,0,13,0,0,13,0,0,13,0,0,13,0,0,13,0,0,13,0,0,13,0,0,13,0,0,13,0,0,13,0,0,13,0,0,13,0,0,13,0,0,13,0,74,74,0.487,0,13,0,0,13,0,16,24,0.105,46,77,0.303,16,25,0.105,0,13,0,0,13,0,2022,25,25025,Boston,2507000,071101,4005,4,250250711014005,25025071101,"Boston-Cambridge-Newton, MA-NH",14460,metropolitan,"Boston-Worcester-Providence, MA-RI-NH-CT",148,"Boston, MA",14454
"141 bay state rd, Boston, MA",42.350519,-71.099772,1,rooftop,141,"Bay State Rd",,,Boston,MA,"Suffolk County",02215,US,"Office of Geographic Information (MassGIS), Commonwealth of Massachusetts, MassIT",83,39,69,40,0.831,14,23,0.169,0,13,0,69,40,1,0,13,0,0,13,0,7,11,0.084,0,13,0,62,27,0.747,0,13,0,0,13,0,14,23,0.169,0,13,0,0,13,0,0,0,0,13,0,0,13,0,0,13,0,0,13,0,0,13,0,0,13,0,0,13,0,0,13,0,0,13,0,0,13,0,0,13,0,0,13,0,0,13,0,0,13,0,0,13,0,0,13,0,0,13,0,0,13,0,0,13,0,0,13,0,0,13,0,0,13,0,0,13,0,0,13,0,0,13,0,0,13,0,2022,25,25025,Boston,2507000,010103,2001,2,250250101032001,25025010103,"Boston-Cambridge-Newton, MA-NH",14460,metropolitan,"Boston-Worcester-Providence, MA-RI-NH-CT",148,"Boston, MA",14454
"685 commonwealth ave, Boston, MA",42.350152,-71.104548,1,rooftop,685,"Commonwealth Ave",,,Boston,MA,"Suffolk County",02215,US,"Office of Geographic Information (MassGIS), Commonwealth of Massachusetts, MassIT",116,54,57,26,0.491,59,51,0.509,0,13,0,57,26,1,0,13,0,0,13,0,0,13,0,6,7,0.052,71,42,0.612,4,6,0.034,27,33,0.233,8,12,0.069,0,13,0,0,13,0,0,0,0,13,0,0,13,0,0,13,0,0,13,0,0,13,0,0,13,0,0,13,0,0,13,0,0,13,0,0,13,0,0,13,0,0,13,0,0,13,0,0,13,0,0,13,0,0,13,0,0,13,0,0,13,0,0,13,0,0,13,0,0,13,0,0,13,0,0,13,0,0,13,0,0,13,0,0,13,0,2022,25,25025,Boston,2507000,010103,3005,3,250250101033005,25025010103,"Boston-Cambridge-Newton, MA-NH",14460,metropolitan,"Boston-Worcester-Providence, MA-RI-NH-CT",148,"Boston, MA",14454
"14 buswell , Boston, MA",42.347487,-71.104381,1,rooftop,14,"Buswell St",,,Boston,MA,"Suffolk County",02215,US,"Office of Geographic Information (MassGIS), Commonwealth of Massachusetts, MassIT",200,62,162,53,0.81,38,40,0.19,0,13,0,162,53,1,0,13,0,17,24,0.085,17,27,0.085,19,31,0.095,35,39,0.175,58,53,0.29,0,13,0,54,35,0.27,0,13,0,0,13,0,0,0,0,13,0,0,13,0,0,13,0,0,13,0,0,13,0,0,13,0,0,13,0,0,13,0,0,13,0,0,13,0,0,13,0,0,13,0,0,13,0,0,13,0,0,13,0,0,13,0,0,13,0,0,13,0,0,13,0,0,13,0,0,13,0,0,13,0,0,13,0,0,13,0,0,13,0,0,13,0,2022,25,25025,Boston,2507000,010204,1004,1,250250102041004,25025010204,"Boston-Cambridge-Newton, MA-NH",14460,metropolitan,"Boston-Worcester-Providence, MA-RI-NH-CT",148,"Boston, MA",14454
"113 bay state rd, Boston, MA",42.350417,-71.098441,1,rooftop,113,"Bay State Rd",,,Boston,MA,"Suffolk County",02215,US,"Office of Geographic Information (MassGIS), Commonwealth of Massachusetts, MassIT",83,39,69,40,0.831,14,23,0.169,0,13,0,69,40,1,0,13,0,0,13,0,7,11,0.084,0,13,0,62,27,0.747,0,13,0,0,13,0,14,23,0.169,0,13,0,0,13,0,0,0,0,13,0,0,13,0,0,13,0,0,13,0,0,13,0,0,13,0,0,13,0,0,13,0,0,13,0,0,13,0,0,13,0,0,13,0,0,13,0,0,13,0,0,13,0,0,13,0,0,13,0,0,13,0,0,13,0,0,13,0,0,13,0,0,13,0,0,13,0,0,13,0,0,13,0,0,13,0,2022,25,25025,Boston,2507000,010103,2001,2,250250101032001,25025010103,"Boston-Cambridge-Newton, MA-NH",14460,metropolitan,"Boston-Worcester-Providence, MA-RI-NH-CT",148,"Boston, MA",14454
"64-68 cummington st, Boston, MA",42.348791,-71.104196,0.9,nearest_rooftop_match,64,"Cummington St",,,Boston,MA,"Suffolk County",02215,US,"TIGER/Line速 dataset from the US Census Bureau",333,81,292,79,0.877,41,36,0.123,37,25,0.127,255,78,0.873,0,13,0,0,13,0,0,13,0,0,13,0,0,13,0,0,13,0,26,32,0.078,307,75,0.922,0,13,0,0,13,0,539800,186940,4,5,0.108,0,13,0,0,13,0,0,13,0,0,13,0,0,13,0,0,13,0,0,13,0,0,13,0,0,13,0,0,13,0,0,13,0,0,13,0,0,13,0,0,13,0,0,13,0,0,13,0,0,13,0,0,13,0,8,14,0.216,3,4,0.081,22,20,0.595,0,13,0,0,13,0,0,13,0,0,13,0,2022,25,25025,Boston,2507000,010103,1006,1,250250101031006,25025010103,"Boston-Cambridge-Newton, MA-NH",14460,metropolitan,"Boston-Worcester-Providence, MA-RI-NH-CT",148,"Boston, MA",14454
"853 beacon st, Boston, MA",42.346767,-71.103621,1,rooftop,853,"Beacon St",,,Boston,MA,"Suffolk County",02215,US,"Office of Geographic Information (MassGIS), Commonwealth of Massachusetts, MassIT",489,102,462,101,0.945,27,42,0.055,36,21,0.078,426,102,0.922,12,19,0.025,0,13,0,0,13,0,0,13,0,62,47,0.127,110,66,0.225,181,72,0.37,124,78,0.254,0,13,0,0,13,0,2000001,0,0,13,0,0,13,0,0,13,0,0,13,0,0,13,0,0,13,0,0,13,0,0,13,0,0,13,0,0,13,0,0,13,0,0,13,0,0,13,0,0,13,0,0,13,0,12,19,0.333,0,13,0,0,13,0,0,13,0,5,9,0.139,0,13,0,0,13,0,0,13,0,0,13,0,0,13,0,19,2,0.528,2022,25,25025,Boston,2507000,010204,3006,3,250250102043006,25025010204,"Boston-Cambridge-Newton, MA-NH",14460,metropolitan,"Boston-Worcester-Providence, MA-RI-NH-CT",148,"Boston, MA",14454
"925 commonwealth avenue, Boston, MA",42.352184,-71.117682,1,rooftop,925,"Commonwealth Ave",,,Boston,MA,"Suffolk County",02215,US,"Office of Geographic Information (MassGIS), Commonwealth of Massachusetts, MassIT",0,13,0,13,0,0,13,0,0,13,0,0,13,0,0,13,0,0,13,0,0,13,0,0,13,0,0,13,0,0,13,0,0,13,0,0,13,0,0,13,0,0,13,0,0,0,0,13,0,0,13,0,0,13,0,0,13,0,0,13,0,0,13,0,0,13,0,0,13,0,0,13,0,0,13,0,0,13,0,0,13,0,0,13,0,0,13,0,0,13,0,0,13,0,0,13,0,0,13,0,0,13,0,0,13,0,0,13,0,0,13,0,0,13,0,0,13,0,0,13,0,0,13,0,2022,25,25025,Boston,2507000,000807,1006,1,250250008071006,25025000807,"Boston-Cambridge-Newton, MA-NH",14460,metropolitan,"Boston-Worcester-Providence, MA-RI-NH-CT",148,"Boston, MA",14454
"25 pilgrim road, Boston, MA",42.342709,-71.104909,1,rooftop,25,"Pilgrim Rd",,,Boston,MA,"Suffolk County",02215,US,"Office of Geographic Information (MassGIS), Commonwealth of Massachusetts, MassIT",140,35,130,32,0.929,10,15,0.071,19,16,0.146,111,29,0.854,11,15,0.079,0,13,0,0,13,0,0,13,0,5,7,0.036,68,29,0.486,26,15,0.186,30,20,0.214,0,13,0,0,13,0,293200,106569,0,13,0,0,13,0,0,13,0,0,13,0,0,13,0,0,13,0,0,13,0,0,13,0,0,13,0,0,13,0,0,13,0,0,13,0,0,13,0,0,13,0,0,13,0,0,13,0,0,13,0,0,13,0,11,15,0.579,4,6,0.211,4,5,0.211,0,13,0,0,13,0,0,13,0,0,13,0,0,13,0,2022,25,25025,Boston,2507000,010300,2001,2,250250103002001,25025010300,"Boston-Cambridge-Newton, MA-NH",14460,metropolitan,"Boston-Worcester-Providence, MA-RI-NH-CT",148,"Boston, MA",14454
"nickerson field, Boston, MA",42.254398,-71.189527,0.9,street_center,,"Nickerson Rd",,,Dedham,MA,"Norfolk County",02026,US,"TIGER/Line速 dataset from the US Census Bureau",616,126,425,119,0.69,191,89,0.31,193,66,0.454,232,111,0.546,218,62,0.354,30,27,0.049,0,13,0,0,13,0,77,96,0.125,24,29,0.039,9,13,0.015,258,96,0.419,0,13,0,0,13,0,927300,208358,0,13,0,0,13,0,0,13,0,0,13,0,0,13,0,0,13,0,0,13,0,0,13,0,0,13,0,0,13,0,0,13,0,0,13,0,0,13,0,0,13,0,0,13,0,0,13,0,0,13,0,0,13,0,0,13,0,0,13,0,30,48,0.155,36,33,0.187,43,28,0.223,63,34,0.326,8,14,0.041,13,15,0.067,2022,25,25021,Dedham,2516530,402500,3005,3,250214025003005,25021402500,"Boston-Cambridge-Newton, MA-NH",14460,metropolitan,"Boston-Worcester-Providence, MA-RI-NH-CT",148,"Boston, MA",14454
"745 commonwealth ave, Boston, MA",42.350536,-71.107565,1,rooftop,745,"Commonwealth Ave",,,Boston,MA,"Suffolk County",02215,US,"Office of Geographic Information (MassGIS), Commonwealth of Massachusetts, MassIT",116,54,57,26,0.491,59,51,0.509,0,13,0,57,26,1,0,13,0,0,13,0,0,13,0,6,7,0.052,71,42,0.612,4,6,0.034,27,33,0.233,8,12,0.069,0,13,0,0,13,0,0,0,0,13,0,0,13,0,0,13,0,0,13,0,0,13,0,0,13,0,0,13,0,0,13,0,0,13,0,0,13,0,0,13,0,0,13,0,0,13,0,0,13,0,0,13,0,0,13,0,0,13,0,0,13,0,0,13,0,0,13,0,0,13,0,0,13,0,0,13,0,0,13,0,0,13,0,0,13,0,2022,25,25025,Boston,2507000,010103,3005,3,250250101033005,25025010103,"Boston-Cambridge-Newton, MA-NH",14460,metropolitan,"Boston-Worcester-Providence, MA-RI-NH-CT",148,"Boston, MA",14454
