Account,Site,Location,Notification Email,Notification Name
Boston University,BU #102 Student Health Services,"881 Commonwealth Avenue , Boston, MA, 02215, US",buresourcemanager@casella.com,Device Advanced Full (Hauler)
Boston University,BU #102 Student Health Services,"881 Commonwealth Avenue , Boston, MA, 02215, US",casella.peabody.service.requests@casella.com,Device Advanced Full (Hauler)
Boston University,BU #102 Student Health Services,"881 Commonwealth Avenue , Boston, MA, 02215, US",thomas.segearjr@casella.com,Device Advanced Full (Hauler)
Boston University,BU #102 Student Health Services,"881 Commonwealth Avenue , Boston, MA, 02215, US",srhealey@bu.edu,Device Empty (On-Site)
Boston University,BU #102 Student Health Services,"881 Commonwealth Avenue , Boston, MA, 02215, US",buresourcemanager@casella.com,Device Full (On-Site and Hauler)
Boston University,BU #102 Student Health Services,"881 Commonwealth Avenue , Boston, MA, 02215, US",casella.peabody.service.requests@casella.com,Device Full (On-Site and Hauler)
Boston University,BU #102 Student Health Services,"881 Commonwealth Avenue , Boston, MA, 02215, US",thomas.segearjr@casella.com,Device Full (On-Site and Hauler)
Boston University,BU #102 Student Health Services,"881 Commonwealth Avenue , Boston, MA, 02215, US",srhealey@bu.edu,Device Full (On-Site and Hauler)
Boston University,BU #102 Student Health Services,"881 Commonwealth Avenue , Boston, MA, 02215, US",tcbondj@bu.edu,Device Full (On-Site and Hauler)
Boston University,BU #102 Student Health Services,"881 Commonwealth Avenue , Boston, MA, 02215, US",mmoura@bu.edu,Device Full (On-Site and Hauler)
Boston University,BU #105 Kilachand Hall,"91 Bay State Rd , Boston, MA, 02215, US",thomas.segearjr@casella.com,Device Advanced Full (Hauler)
Boston University,BU #105 Kilachand Hall,"91 Bay State Rd , Boston, MA, 02215, US",buresourcemanager@casella.com,Device Full (On-Site and Hauler)
Boston University,BU #105 Kilachand Hall,"91 Bay State Rd , Boston, MA, 02215, US",casella.peabody.service.requests@casella.com,Device Full (On-Site and Hauler)
Boston University,BU #105 Kilachand Hall,"91 Bay State Rd , Boston, MA, 02215, US",thomas.segearjr@casella.com,Device Full (On-Site and Hauler)
Boston University,BU #105 Kilachand Hall,"91 Bay State Rd , Boston, MA, 02215, US",srhealey@bu.edu,Device Full (On-Site and Hauler)
Boston University,BU #105 Kilachand Hall,"91 Bay State Rd , Boston, MA, 02215, US",za@bu.edu,Device Full (On-Site and Hauler)
Boston University,BU #108 Agganis Arena,"925 Commonwealth Avenue , Boston, MA, 02215, US",buresourcemanager@casella.com,Device Advanced Full (Hauler)
Boston University,BU #108 Agganis Arena,"925 Commonwealth Avenue , Boston, MA, 02215, US",casella.peabody.service.requests@casella.com,Device Advanced Full (Hauler)
Boston University,BU #108 Agganis Arena,"925 Commonwealth Avenue , Boston, MA, 02215, US",thomas.segearjr@casella.com,Device Advanced Full (Hauler)
Boston University,BU #108 Agganis Arena,"925 Commonwealth Avenue , Boston, MA, 02215, US",srhealey@bu.edu,Device Empty (On-Site)
Boston University,BU #108 Agganis Arena,"925 Commonwealth Avenue , Boston, MA, 02215, US",buresourcemanager@casella.com,Device Full (On-Site and Hauler)
Boston University,BU #108 Agganis Arena,"925 Commonwealth Avenue , Boston, MA, 02215, US",casella.peabody.service.requests@casella.com,Device Full (On-Site and Hauler)
Boston University,BU #108 Agganis Arena,"925 Commonwealth Avenue , Boston, MA, 02215, US",thomas.segearjr@casella.com,Device Full (On-Site and Hauler)
Boston University,BU #108 Agganis Arena,"925 Commonwealth Avenue , Boston, MA, 02215, US",srhealey@bu.edu,Device Full (On-Site and Hauler)
Boston University,BU #108 Agganis Arena,"925 Commonwealth Avenue , Boston, MA, 02215, US",jperri@bu.edu,Device Full (On-Site and Hauler)
Boston University,BU #18 - Warren Hall,"14 Buswell St , Boston, MA, 02215, US",buresourcemanager@casella.com,Device Advanced Full (Hauler)
Boston University,BU #18 - Warren Hall,"14 Buswell St , Boston, MA, 02215, US",casella.peabody.service.requests@casella.com,Device Advanced Full (Hauler)
Boston University,BU #18 - Warren Hall,"14 Buswell St , Boston, MA, 02215, US",srhealey@bu.edu,Device Empty (On-Site)
Boston University,BU #18 - Warren Hall,"14 Buswell St , Boston, MA, 02215, US",buresourcemanager@casella.com,Device Full (On-Site and Hauler)
Boston University,BU #18 - Warren Hall,"14 Buswell St , Boston, MA, 02215, US",casella.peabody.service.requests@casella.com,Device Full (On-Site and Hauler)
Boston University,BU #18 - Warren Hall,"14 Buswell St , Boston, MA, 02215, US",thomas.segearjr@casella.com,Device Full (On-Site and Hauler)
Boston University,BU #18 - Warren Hall,"14 Buswell St , Boston, MA, 02215, US",srhealey@bu.edu,Device Full (On-Site and Hauler)
Boston University,BU #18 - Warren Hall,"14 Buswell St , Boston, MA, 02215, US",rsuther@bu.edu,Device Full (On-Site and Hauler)
Boston University,BU #2 Student Village,"10 Buick St , Boston, MA, 02215, US",buresourcemanager@casella.com,Device Advanced Full (Hauler)
Boston University,BU #2 Student Village,"10 Buick St , Boston, MA, 02215, US",casella.peabody.service.requests@casella.com,Device Advanced Full (Hauler)
Boston University,BU #2 Student Village,"10 Buick St , Boston, MA, 02215, US",thomas.segearjr@casella.com,Device Advanced Full (Hauler)
Boston University,BU #2 Student Village,"10 Buick St , Boston, MA, 02215, US",srhealey@bu.edu,Device Empty (On-Site)
Boston University,BU #2 Student Village,"10 Buick St , Boston, MA, 02215, US",buresourcemanager@casella.com,Device Full (On-Site and Hauler)
Boston University,BU #2 Student Village,"10 Buick St , Boston, MA, 02215, US",casella.peabody.service.requests@casella.com,Device Full (On-Site and Hauler)
Boston University,BU #2 Student Village,"10 Buick St , Boston, MA, 02215, US",thomas.segearjr@casella.com,Device Full (On-Site and Hauler)
Boston University,BU #2 Student Village,"10 Buick St , Boston, MA, 02215, US",srhealey@bu.edu,Device Full (On-Site and Hauler)
Boston University,BU #2 Student Village,"10 Buick St , Boston, MA, 02215, US",mmoura@bu.edu,Device Full (On-Site and Hauler)
Boston University,BU #35 22 Babbit,"22 Babbitt St , Boston, MA, 02215, US",buresourcemanager@casella.com,Device Advanced Full (Hauler)
Boston University,BU #35 22 Babbit,"22 Babbitt St , Boston, MA, 02215, US",casella.peabody.service.requests@casella.com,Device Advanced Full (Hauler)
Boston University,BU #35 22 Babbit,"22 Babbitt St , Boston, MA, 02215, US",thomas.segearjr@casella.com,Device Advanced Full (Hauler)
Boston University,BU #35 22 Babbit,"22 Babbitt St , Boston, MA, 02215, US",srhealey@bu.edu,Device Empty (On-Site)
Boston University,BU #35 22 Babbit,"22 Babbitt St , Boston, MA, 02215, US",buresourcemanager@casella.com,Device Full (On-Site and Hauler)
Boston University,BU #35 22 Babbit,"22 Babbitt St , Boston, MA, 02215, US",casella.peabody.service.requests@casella.com,Device Full (On-Site and Hauler)
Boston University,BU #35 22 Babbit,"22 Babbitt St , Boston, MA, 02215, US",thomas.segearjr@casella.com,Device Full (On-Site and Hauler)
Boston University,BU #35 22 Babbit,"22 Babbitt St , Boston, MA, 02215, US",srhealey@bu.edu,Device Full (On-Site and Hauler)
Boston University,BU #35 22 Babbit,"22 Babbitt St , Boston, MA, 02215, US",jlima@bu.edu,Device Full (On-Site and Hauler)
Boston University,BU #38 Life Sciences,"24 Cummington Mall , Boston, MA, 02215, US",buresourcemanager@casella.com,Device Advanced Full (Hauler)
Boston University,BU #38 Life Sciences,"24 Cummington Mall , Boston, MA, 02215, US",casella.peabody.service.requests@casella.com,Device Advanced Full (Hauler)
Boston University,BU #38 Life Sciences,"24 Cummington Mall , Boston, MA, 02215, US",thomas.segearjr@casella.com,Device Advanced Full (Hauler)
Boston University,BU #38 Life Sciences,"24 Cummington Mall , Boston, MA, 02215, US",srhealey@bu.edu,Device Empty (On-Site)
Boston University,BU #38 Life Sciences,"24 Cummington Mall , Boston, MA, 02215, US",buresourcemanager@casella.com,Device Full (On-Site and Hauler)
Boston University,BU #38 Life Sciences,"24 Cummington Mall , Boston, MA, 02215, US",casella.peabody.service.requests@casella.com,Device Full (On-Site and Hauler)
Boston University,BU #38 Life Sciences,"24 Cummington Mall , Boston, MA, 02215, US",thomas.segearjr@casella.com,Device Full (On-Site and Hauler)
Boston University,BU #38 Life Sciences,"24 Cummington Mall , Boston, MA, 02215, US",srhealey@bu.edu,Device Full (On-Site and Hauler)
Boston University,BU #38 Life Sciences,"24 Cummington Mall , Boston, MA, 02215, US",johare17@bu.edu,Device Full (On-Site and Hauler)
Boston University,BU #4 Yawkey,"100 Bay State Rd , Boston, MA, 02215, US",buresourcemanager@casella.com,Device Advanced Full (Hauler)
Boston University,BU #4 Yawkey,"100 Bay State Rd , Boston, MA, 02215, US",casella.peabody.service.requests@casella.com,Device Advanced Full (Hauler)
Boston University,BU #4 Yawkey,"100 Bay State Rd , Boston, MA, 02215, US",thomas.segearjr@casella.com,Device Advanced Full (Hauler)
Boston University,BU #4 Yawkey,"100 Bay State Rd , Boston, MA, 02215, US",srhealey@bu.edu,Device Empty (On-Site)
Boston University,BU #4 Yawkey,"100 Bay State Rd , Boston, MA, 02215, US",buresourcemanager@casella.com,Device Full (On-Site and Hauler)
Boston University,BU #4 Yawkey,"100 Bay State Rd , Boston, MA, 02215, US",casella.peabody.service.requests@casella.com,Device Full (On-Site and Hauler)
Boston University,BU #4 Yawkey,"100 Bay State Rd , Boston, MA, 02215, US",thomas.segearjr@casella.com,Device Full (On-Site and Hauler)
Boston University,BU #4 Yawkey,"100 Bay State Rd , Boston, MA, 02215, US",srhealey@bu.edu,Device Full (On-Site and Hauler)
Boston University,BU #4 Yawkey,"100 Bay State Rd , Boston, MA, 02215, US",za@bu.edu,Device Full (On-Site and Hauler)
Boston University,BU #4 Yawkey,"100 Bay State Rd , Boston, MA, 02215, US",rluther@bu.edu,Device Full (On-Site and Hauler)
Boston University,BU #43 West Loading Dock,"275 Babcock St West Campus, Boston, MA, 02215, US",buresourcemanager@casella.com,Device Full (On-Site and Hauler)
Boston University,BU #43 West Loading Dock,"275 Babcock St West Campus, Boston, MA, 02215, US",casella.peabody.service.requests@casella.com,Device Full (On-Site and Hauler)
Boston University,BU #43 West Loading Dock,"275 Babcock St West Campus, Boston, MA, 02215, US",thomas.segearjr@casella.com,Device Full (On-Site and Hauler)
Boston University,BU #43 West Loading Dock,"275 Babcock St West Campus, Boston, MA, 02215, US",srhealey@bu.edu,Device Full (On-Site and Hauler)
Boston University,BU #43 West Loading Dock,"275 Babcock St West Campus, Boston, MA, 02215, US",epime@bu.edu,Device Full (On-Site and Hauler)
Boston University,BU #43 West Loading Dock,"275 Babcock St West Campus, Boston, MA, 02215, US",stbaldwin@bu.edu,Device Full (On-Site and Hauler)
Boston University,BU #46 30 Bay State,"30 Bay State Rd , Boston, MA, 02215, US",thomas.segearjr@casella.com,Device Advanced Full (Hauler)
Boston University,BU #46 30 Bay State,"30 Bay State Rd , Boston, MA, 02215, US",buresourcemanager@casella.com,Device Empty (On-Site)
Boston University,BU #46 30 Bay State,"30 Bay State Rd , Boston, MA, 02215, US",casella.peabody.service.requests@casella.com,Device Empty (On-Site)
Boston University,BU #46 30 Bay State,"30 Bay State Rd , Boston, MA, 02215, US",srhealey@bu.edu,Device Empty (On-Site)
Boston University,BU #46 30 Bay State,"30 Bay State Rd , Boston, MA, 02215, US",buresourcemanager@casella.com,Device Full (On-Site and Hauler)
Boston University,BU #46 30 Bay State,"30 Bay State Rd , Boston, MA, 02215, US",casella.peabody.service.requests@casella.com,Device Full (On-Site and Hauler)
Boston University,BU #46 30 Bay State,"30 Bay State Rd , Boston, MA, 02215, US",srhealey@bu.edu,Device Full (On-Site and Hauler)
Boston University,BU #46 30 Bay State,"30 Bay State Rd , Boston, MA, 02215, US",jeascenc@bu.edu,Device Full (On-Site and Hauler)
Boston University,BU #48 Student Village #2,"33 Harry Agganis Way , Boston, MA, 02215, US",buresourcemanager@casella.com,Device Advanced Full (Hauler)
Boston University,BU #48 Student Village #2,"33 Harry Agganis Way , Boston, MA, 02215, US",casella.peabody.service.requests@casella.com,Device Advanced Full (Hauler)
Boston University,BU #48 Student Village #2,"33 Harry Agganis Way , Boston, MA, 02215, US",thomas.segearjr@casella.com,Device Advanced Full (Hauler)
Boston University,BU #48 Student Village #2,"33 Harry Agganis Way , Boston, MA, 02215, US",srhealey@bu.edu,Device Empty (On-Site)
Boston University,BU #48 Student Village #2,"33 Harry Agganis Way , Boston, MA, 02215, US",buresourcemanager@casella.com,Device Full (On-Site and Hauler)
Boston University,BU #48 Student Village #2,"33 Harry Agganis Way , Boston, MA, 02215, US",casella.peabody.service.requests@casella.com,Device Full (On-Site and Hauler)
Boston University,BU #48 Student Village #2,"33 Harry Agganis Way , Boston, MA, 02215, US",thomas.segearjr@casella.com,Device Full (On-Site and Hauler)
Boston University,BU #48 Student Village #2,"33 Harry Agganis Way , Boston, MA, 02215, US",srhealey@bu.edu,Device Full (On-Site and Hauler)
Boston University,BU #69 - Graduate Apartments,"580 Commonwealth Avenue , Boston, MA, 02215, US",buresourcemanager@casella.com,Device Advanced Full (Hauler)
Boston University,BU #69 - Graduate Apartments,"580 Commonwealth Avenue , Boston, MA, 02215, US",casella.peabody.service.requests@casella.com,Device Advanced Full (Hauler)
Boston University,BU #69 - Graduate Apartments,"580 Commonwealth Avenue , Boston, MA, 02215, US",thomas.segearjr@casella.com,Device Advanced Full (Hauler)
Boston University,BU #69 - Graduate Apartments,"580 Commonwealth Avenue , Boston, MA, 02215, US",srhealey@bu.edu,Device Empty (On-Site)
Boston University,BU #69 - Graduate Apartments,"580 Commonwealth Avenue , Boston, MA, 02215, US",buresourcemanager@casella.com,Device Full (On-Site and Hauler)
Boston University,BU #69 - Graduate Apartments,"580 Commonwealth Avenue , Boston, MA, 02215, US",casella.peabody.service.requests@casella.com,Device Full (On-Site and Hauler)
Boston University,BU #69 - Graduate Apartments,"580 Commonwealth Avenue , Boston, MA, 02215, US",thomas.segearjr@casella.com,Device Full (On-Site and Hauler)
Boston University,BU #69 - Graduate Apartments,"580 Commonwealth Avenue , Boston, MA, 02215, US",srhealey@bu.edu,Device Full (On-Site and Hauler)
Boston University,BU #69 - Graduate Apartments,"580 Commonwealth Avenue , Boston, MA, 02215, US",sjbond@bu.edu,Device Full (On-Site and Hauler)
Boston University,BU #72 Rafik B Hariri,"595 Commonwealth Avenue , Boston, MA, 02215, US",buresourcemanager@casella.com,Device Advanced Full (Hauler)
Boston University,BU #72 Rafik B Hariri,"595 Commonwealth Avenue , Boston, MA, 02215, US",casella.peabody.service.requests@casella.com,Device Advanced Full (Hauler)
Boston University,BU #72 Rafik B Hariri,"595 Commonwealth Avenue , Boston, MA, 02215, US",buresourcemanager@casella.com,Device Full (On-Site and Hauler)
Boston University,BU #72 Rafik B Hariri,"595 Commonwealth Avenue , Boston, MA, 02215, US",casella.peabody.service.requests@casella.com,Device Full (On-Site and Hauler)
Boston University,BU #72 Rafik B Hariri,"595 Commonwealth Avenue , Boston, MA, 02215, US",thomas.segearjr@casella.com,Device Full (On-Site and Hauler)
Boston University,BU #72 Rafik B Hariri,"595 Commonwealth Avenue , Boston, MA, 02215, US",srhealey@bu.edu,Device Full (On-Site and Hauler)
Boston University,BU #72 Rafik B Hariri,"595 Commonwealth Avenue , Boston, MA, 02215, US",rseale@bu.edu,Device Full (On-Site and Hauler)
Boston University,BU #82 Warren Towers 35,"700 Commonwealth Avenue , Boston, MA, 02215, US",buresourcemanager@casella.com,Device Advanced Full (Hauler)
Boston University,BU #82 Warren Towers 35,"700 Commonwealth Avenue , Boston, MA, 02215, US",casella.peabody.service.requests@casella.com,Device Advanced Full (Hauler)
Boston University,BU #82 Warren Towers 35,"700 Commonwealth Avenue , Boston, MA, 02215, US",thomas.segearjr@casella.com,Device Advanced Full (Hauler)
Boston University,BU #82 Warren Towers 35,"700 Commonwealth Avenue , Boston, MA, 02215, US",srhealey@bu.edu,Device Empty (On-Site)
Boston University,BU #82 Warren Towers 35,"700 Commonwealth Avenue , Boston, MA, 02215, US",buresourcemanager@casella.com,Device Full (On-Site and Hauler)
Boston University,BU #82 Warren Towers 35,"700 Commonwealth Avenue , Boston, MA, 02215, US",casella.peabody.service.requests@casella.com,Device Full (On-Site and Hauler)
Boston University,BU #82 Warren Towers 35,"700 Commonwealth Avenue , Boston, MA, 02215, US",thomas.segearjr@casella.com,Device Full (On-Site and Hauler)
Boston University,BU #82 Warren Towers 35,"700 Commonwealth Avenue , Boston, MA, 02215, US",srhealey@bu.edu,Device Full (On-Site and Hauler)
Boston University,BU #82 Warren Towers 35,"700 Commonwealth Avenue , Boston, MA, 02215, US",sjbond@bu.edu,Device Full (On-Site and Hauler)
Boston University,BU #82 Warren Towers 35,"700 Commonwealth Avenue , Boston, MA, 02215, US",rjdooley@bu.edu,Device Full (On-Site and Hauler)
Boston University,BU #87 College of Engineering,"730 Commonwealth Avenue , Brookline, MA, 02446, US",buresourcemanager@casella.com,Device Advanced Full (Hauler)
Boston University,BU #87 College of Engineering,"730 Commonwealth Avenue , Brookline, MA, 02446, US",casella.peabody.service.requests@casella.com,Device Advanced Full (Hauler)
Boston University,BU #87 College of Engineering,"730 Commonwealth Avenue , Brookline, MA, 02446, US",thomas.segearjr@casella.com,Device Advanced Full (Hauler)
Boston University,BU #87 College of Engineering,"730 Commonwealth Avenue , Brookline, MA, 02446, US",buresourcemanager@casella.com,Device Full (On-Site and Hauler)
Boston University,BU #87 College of Engineering,"730 Commonwealth Avenue , Brookline, MA, 02446, US",casella.peabody.service.requests@casella.com,Device Full (On-Site and Hauler)
Boston University,BU #87 College of Engineering,"730 Commonwealth Avenue , Brookline, MA, 02446, US",thomas.segearjr@casella.com,Device Full (On-Site and Hauler)
Boston University,BU #87 College of Engineering,"730 Commonwealth Avenue , Brookline, MA, 02446, US",srhealey@bu.edu,Device Full (On-Site and Hauler)
Boston University,BU #87 College of Engineering,"730 Commonwealth Avenue , Brookline, MA, 02446, US",jlima@bu.edu,Device Full (On-Site and Hauler)
Boston University,BU #90 - School of Law,"765 Commonwealth Avenue , Boston, MA, 02215, US",buresourcemanager@casella.com,Advanced Pickup
Boston University,BU #90 - School of Law,"765 Commonwealth Avenue , Boston, MA, 02215, US",casella.peabody.service.requests@casella.com,Advanced Pickup
Boston University,BU #90 - School of Law,"765 Commonwealth Avenue , Boston, MA, 02215, US",thomas.segearjr@casella.com,Advanced Pickup
Boston University,BU #90 - School of Law,"765 Commonwealth Avenue , Boston, MA, 02215, US",buresourcemanager@casella.com,Full (Hauler & Onsite)
Boston University,BU #90 - School of Law,"765 Commonwealth Avenue , Boston, MA, 02215, US",casella.peabody.service.requests@casella.com,Full (Hauler & Onsite)
Boston University,BU #90 - School of Law,"765 Commonwealth Avenue , Boston, MA, 02215, US",thomas.segearjr@casella.com,Full (Hauler & Onsite)
Boston University,BU #90 - School of Law,"765 Commonwealth Avenue , Boston, MA, 02215, US",dfehric@bu.edu,Full (Hauler & Onsite)
Boston University,BU #93 George Sherman Union,"775 Commonwealth Avenue , Boston, MA, 02215, US",buresourcemanager@casella.com,Device Advanced Full (Hauler)
Boston University,BU #93 George Sherman Union,"775 Commonwealth Avenue , Boston, MA, 02215, US",casella.peabody.service.requests@casella.com,Device Advanced Full (Hauler)
Boston University,BU #93 George Sherman Union,"775 Commonwealth Avenue , Boston, MA, 02215, US",srhealey@bu.edu,Device Empty (On-Site)
Boston University,BU #93 George Sherman Union,"775 Commonwealth Avenue , Boston, MA, 02215, US",buresourcemanager@casella.com,Device Full (On-Site and Hauler)
Boston University,BU #93 George Sherman Union,"775 Commonwealth Avenue , Boston, MA, 02215, US",casella.peabody.service.requests@casella.com,Device Full (On-Site and Hauler)
Boston University,BU #93 George Sherman Union,"775 Commonwealth Avenue , Boston, MA, 02215, US",thomas.segearjr@casella.com,Device Full (On-Site and Hauler)
Boston University,BU #93 George Sherman Union,"775 Commonwealth Avenue , Boston, MA, 02215, US",srhealey@bu.edu,Device Full (On-Site and Hauler)
Boston University,BU #93 George Sherman Union,"775 Commonwealth Avenue , Boston, MA, 02215, US",mattrody@bu.edu,Device Full (On-Site and Hauler)
Boston University,BU #93 George Sherman Union,"775 Commonwealth Avenue , Boston, MA, 02215, US",yatesm@bu.edu,Device Full (On-Site and Hauler)
Boston University,BU #96 808 Commonwealth,"808 Commonwealth Avenue , Brookline, MA, 02446, US",buresourcemanager@casella.com,Device Advanced Full (Hauler)
Boston University,BU #96 808 Commonwealth,"808 Commonwealth Avenue , Brookline, MA, 02446, US",casella.peabody.service.requests@casella.com,Device Advanced Full (Hauler)
Boston University,BU #96 808 Commonwealth,"808 Commonwealth Avenue , Brookline, MA, 02446, US",thomas.segearjr@casella.com,Device Advanced Full (Hauler)
Boston University,BU #96 808 Commonwealth,"808 Commonwealth Avenue , Brookline, MA, 02446, US",buresourcemanager@casella.com,Device Full (On-Site and Hauler)
Boston University,BU #96 808 Commonwealth,"808 Commonwealth Avenue , Brookline, MA, 02446, US",casella.peabody.service.requests@casella.com,Device Full (On-Site and Hauler)
Boston University,BU #96 808 Commonwealth,"808 Commonwealth Avenue , Brookline, MA, 02446, US",thomas.segearjr@casella.com,Device Full (On-Site and Hauler)
Boston University,BU #96 808 Commonwealth,"808 Commonwealth Avenue , Brookline, MA, 02446, US",srhealey@bu.edu,Device Full (On-Site and Hauler)
Boston University,BU #96 808 Commonwealth,"808 Commonwealth Avenue , Brookline, MA, 02446, US",tcbondj@bu.edu,Device Full (On-Site and Hauler)
Boston University,BU 140 Bay State Rd,"140 Bay State Rd Boston University, Boston, MA, 02215, US",buresourcemanager@casella.com,Device Advanced Full (Hauler)
Boston University,BU 140 Bay State Rd,"140 Bay State Rd Boston University, Boston, MA, 02215, US",casella.peabody.service.requests@casella.com,Device Advanced Full (Hauler)
Boston University,BU 140 Bay State Rd,"140 Bay State Rd Boston University, Boston, MA, 02215, US",thomas.segearjr@casella.com,Device Advanced Full (Hauler)
Boston University,BU 140 Bay State Rd,"140 Bay State Rd Boston University, Boston, MA, 02215, US",srhealey@bu.edu,Device Empty (On-Site)
Boston University,BU 140 Bay State Rd,"140 Bay State Rd Boston University, Boston, MA, 02215, US",buresourcemanager@casella.com,Device Full (On-Site and Hauler)
Boston University,BU 140 Bay State Rd,"140 Bay State Rd Boston University, Boston, MA, 02215, US",casella.peabody.service.requests@casella.com,Device Full (On-Site and Hauler)
Boston University,BU 140 Bay State Rd,"140 Bay State Rd Boston University, Boston, MA, 02215, US",thomas.segearjr@casella.com,Device Full (On-Site and Hauler)
Boston University,BU 140 Bay State Rd,"140 Bay State Rd Boston University, Boston, MA, 02215, US",srhealey@bu.edu,Device Full (On-Site and Hauler)
Boston University,BU 140 Bay State Rd,"140 Bay State Rd Boston University, Boston, MA, 02215, US",za@bu.edu,Device Full (On-Site and Hauler)
Boston University,BU 685 Comm Ave,"685 Commonwealth Avenue , Boston, MA, 02215, US",buresourcemanager@casella.com,Device Empty (On-Site)
Boston University,BU 685 Comm Ave,"685 Commonwealth Avenue , Boston, MA, 02215, US",casella.peabody.service.requests@casella.com,Device Empty (On-Site)
Boston University,BU 685 Comm Ave,"685 Commonwealth Avenue , Boston, MA, 02215, US",srhealey@bu.edu,Device Empty (On-Site)
Boston University,BU 685 Comm Ave,"685 Commonwealth Avenue , Boston, MA, 02215, US",buresourcemanager@casella.com,Device Full (On-Site and Hauler)
Boston University,BU 685 Comm Ave,"685 Commonwealth Avenue , Boston, MA, 02215, US",casella.peabody.service.requests@casella.com,Device Full (On-Site and Hauler)
Boston University,BU 685 Comm Ave,"685 Commonwealth Avenue , Boston, MA, 02215, US",thomas.segearjr@casella.com,Device Full (On-Site and Hauler)
Boston University,BU 685 Comm Ave,"685 Commonwealth Avenue , Boston, MA, 02215, US",srhealey@bu.edu,Device Full (On-Site and Hauler)
Boston University,BU 685 Comm Ave,"685 Commonwealth Avenue , Boston, MA, 02215, US",dfehric@bu.edu,Device Full (On-Site and Hauler)
Boston University,BU Fenway,"200 Riverway , Boston, MA, 02215, US",buresourcemanager@casella.com,Device Advanced Full (Hauler)
Boston University,BU Fenway,"200 Riverway , Boston, MA, 02215, US",casella.peabody.service.requests@casella.com,Device Advanced Full (Hauler)
Boston University,BU Fenway,"200 Riverway , Boston, MA, 02215, US",thomas.segearjr@casella.com,Device Advanced Full (Hauler)
Boston University,BU Fenway,"200 Riverway , Boston, MA, 02215, US",srhealey@bu.edu,Device Empty (On-Site)
Boston University,BU Fenway,"200 Riverway , Boston, MA, 02215, US",buresourcemanager@casella.com,Device Full (On-Site and Hauler)
Boston University,BU Fenway,"200 Riverway , Boston, MA, 02215, US",casella.peabody.service.requests@casella.com,Device Full (On-Site and Hauler)
Boston University,BU Fenway,"200 Riverway , Boston, MA, 02215, US",thomas.segearjr@casella.com,Device Full (On-Site and Hauler)
Boston University,BU Fenway,"200 Riverway , Boston, MA, 02215, US",srhealey@bu.edu,Device Full (On-Site and Hauler)
Boston University,BU Fenway,"200 Riverway , Boston, MA, 02215, US",fromero@bu.edu,Device Full (On-Site and Hauler)
Boston University,BU MED - 15 Stoughton,"15 Stoughton St , Boston, MA, 02125, US",buresourcemanager@casella.com,Device Advanced Full (Hauler)
Boston University,BU MED - 15 Stoughton,"15 Stoughton St , Boston, MA, 02125, US",casella.peabody.service.requests@casella.com,Device Advanced Full (Hauler)
Boston University,BU MED - 15 Stoughton,"15 Stoughton St , Boston, MA, 02125, US",thomas.segearjr@casella.com,Device Advanced Full (Hauler)
Boston University,BU MED - 15 Stoughton,"15 Stoughton St , Boston, MA, 02125, US",srhealey@bu.edu,Device Empty (On-Site)
Boston University,BU MED - 15 Stoughton,"15 Stoughton St , Boston, MA, 02125, US",buresourcemanager@casella.com,Device Full (On-Site and Hauler)
Boston University,BU MED - 15 Stoughton,"15 Stoughton St , Boston, MA, 02125, US",casella.peabody.service.requests@casella.com,Device Full (On-Site and Hauler)
Boston University,BU MED - 15 Stoughton,"15 Stoughton St , Boston, MA, 02125, US",thomas.segearjr@casella.com,Device Full (On-Site and Hauler)
Boston University,BU MED - 15 Stoughton,"15 Stoughton St , Boston, MA, 02125, US",srhealey@bu.edu,Device Full (On-Site and Hauler)
Boston University,BU Med #815 Albany,"815 Albany St , Boston, MA, 02119, US",buresourcemanager@casella.com,Device Advanced Full (Hauler)
Boston University,BU Med #815 Albany,"815 Albany St , Boston, MA, 02119, US",casella.peabody.service.requests@casella.com,Device Advanced Full (Hauler)
Boston University,BU Med #815 Albany,"815 Albany St , Boston, MA, 02119, US",thomas.segearjr@casella.com,Device Advanced Full (Hauler)
Boston University,BU Med #815 Albany,"815 Albany St , Boston, MA, 02119, US",srhealey@bu.edu,Device Empty (On-Site)
Boston University,BU Med #815 Albany,"815 Albany St , Boston, MA, 02119, US",buresourcemanager@casella.com,Device Full (On-Site and Hauler)
Boston University,BU Med #815 Albany,"815 Albany St , Boston, MA, 02119, US",casella.peabody.service.requests@casella.com,Device Full (On-Site and Hauler)
Boston University,BU Med #815 Albany,"815 Albany St , Boston, MA, 02119, US",thomas.segearjr@casella.com,Device Full (On-Site and Hauler)
Boston University,BU Med #815 Albany,"815 Albany St , Boston, MA, 02119, US",srhealey@bu.edu,Device Full (On-Site and Hauler)
Boston University,BU Med 700,"700 Albany St , Boston, MA, 02118, US",buresourcemanager@casella.com,Device Advanced Full (Hauler)
Boston University,BU Med 700,"700 Albany St , Boston, MA, 02118, US",casella.peabody.service.requests@casella.com,Device Advanced Full (Hauler)
Boston University,BU Med 700,"700 Albany St , Boston, MA, 02118, US",thomas.segearjr@casella.com,Device Advanced Full (Hauler)
Boston University,BU Med 700,"700 Albany St , Boston, MA, 02118, US",srhealey@bu.edu,Device Empty (On-Site)
Boston University,BU Med 700,"700 Albany St , Boston, MA, 02118, US",buresourcemanager@casella.com,Device Full (On-Site and Hauler)
Boston University,BU Med 700,"700 Albany St , Boston, MA, 02118, US",casella.peabody.service.requests@casella.com,Device Full (On-Site and Hauler)
Boston University,BU Med 700,"700 Albany St , Boston, MA, 02118, US",thomas.segearjr@casella.com,Device Full (On-Site and Hauler)
Boston University,BU Med 700,"700 Albany St , Boston, MA, 02118, US",srhealey@bu.edu,Device Full (On-Site and Hauler)
Boston University,Boston University - 120 ASHFORD,"120 Ashford St , Boston, MA, 02215, US",buresourcemanage@casella.com,Device Advanced Full (Hauler)
Boston University,Boston University - 120 ASHFORD,"120 Ashford St , Boston, MA, 02215, US",limerick@bu.edu,Device Empty (On-Site)
Boston University,Boston University - 120 ASHFORD,"120 Ashford St , Boston, MA, 02215, US",buresourcemanage@casella.com,Device Full (On-Site and Hauler)
Boston University,Boston University - 120 ASHFORD,"120 Ashford St , Boston, MA, 02215, US",limerick@bu.edu,Device Full (On-Site and Hauler)
Boston University,Boston University - 120 ASHFORD,"120 Ashford St , Boston, MA, 02215, US",wchainey@bu.edu,Device Full (On-Site and Hauler)
Boston University,Boston University - 120 ASHFORD,"120 Ashford St , Boston, MA, 02215, US",thomas.segearjr@casella.com,Device Full (On-Site and Hauler)
Boston University,Boston University - 120 ASHFORD,"120 Ashford St , Boston, MA, 02215, US",srhealey@bu.edu,Device Full (On-Site and Hauler)
